year,state,earnings,fed_eitc_0,cal_eitc_0,tot_eitc_0,fed_eitc_1,cal_eitc_1,tot_eitc_1,fed_eitc_2,cal_eitc_2,tot_eitc_2,fed_eitc_3,cal_eitc_3,tot_eitc_3
2016,5,0,0,0,0,0,0,0,0,0,0,0,0,0
2016,5,50,3.8199999,3.23,7.0500002,17,14.39,31.389999,20,16.99,36.989998,22.5,19.1,41.599998
2016,5,100,7.6500001,6.46,14.110001,34,28.780001,62.779999,40,33.970001,73.970001,45,38.209999,83.209999
2016,5,150,11.47,9.6899996,21.16,51,43.18,94.18,60,50.959999,110.96,67.5,57.32,124.82
2016,5,200,15.3,12.92,28.220001,68,57.57,125.57,80,67.949997,147.95,90,76.43,166.42999
2016,5,250,19.120001,16.15,35.27,85,71.959999,156.95999,100,84.940002,184.94,112.5,95.529999,208.03
2016,5,300,22.950001,19.379999,42.330002,102,86.360001,188.36,120,101.93,221.92999,135,114.64,249.64
2016,5,350,26.77,22.610001,49.380001,119,100.75,219.75,140,118.92,258.91998,157.5,133.75,291.25
2016,5,400,30.6,25.84,56.440002,136,115.14,251.14,160,135.91,295.91,180,152.86,332.85999
2016,5,450,34.419998,29.07,63.489998,153,129.53999,282.53998,180,152.89999,332.89999,202.5,171.96001,374.46002
2016,5,500,38.25,32.299999,70.550003,170,143.92999,313.92999,200,169.89,369.89001,225,191.07001,416.07001
2016,5,550,42.07,35.529999,77.599998,187,158.32001,345.32001,220,186.88,406.88,247.5,210.17999,457.67999
2016,5,600,45.900002,38.759998,84.660004,204,172.72,376.72,240,203.87,443.87,270,229.28999,499.28998
2016,5,650,49.73,41.990002,91.720001,221,187.11,408.10999,260,220.86,480.85999,292.5,248.39,540.89001
2016,5,700,53.549999,45.220001,98.770004,238,201.5,439.5,280,237.84,517.83997,315,267.5,582.5
2016,5,750,57.380001,48.450001,105.83,255,215.89999,470.89999,300,254.83,554.83002,337.5,286.60999,624.10999
2016,5,800,61.200001,51.68,112.88,272,230.28999,502.28998,320,271.82001,591.82001,360,305.72,665.71997
2016,5,850,65.029999,54.91,119.94,289,244.67999,533.67999,340,288.81,628.81,382.5,324.82001,707.32001
2016,5,900,68.849998,58.139999,126.99,306,259.07999,565.07996,360,305.79999,665.79999,405,343.92999,748.92999
2016,5,950,72.669998,61.369999,134.03999,323,273.47,596.46997,380,322.79001,702.79004,427.5,363.04001,790.54004
2016,5,1000,76.5,64.599998,141.10001,340,287.85999,627.85999,400,339.78,739.78003,450,382.14999,832.15002
2016,5,1050,80.330002,67.830002,148.16,357,302.26001,659.26001,420,356.76999,776.77002,472.5,401.25,873.75
2016,5,1100,84.150002,71.059998,155.20999,374,316.64999,690.65002,440,373.76001,813.76001,495,420.35999,915.35999
2016,5,1150,87.970001,74.290001,162.26001,391,331.04001,722.04004,460,390.75,850.75,517.5,439.47,956.96997
2016,5,1200,91.800003,77.519997,169.32001,408,345.44,753.44,480,407.73999,887.73999,540,458.57999,998.57996
2016,5,1250,95.620003,80.75,176.37,425,359.82999,784.82996,500,424.72,924.71997,562.5,477.67999,1040.1799
2016,5,1300,99.449997,83.980003,183.42999,442,374.22,816.21997,520,441.70999,961.70996,585,496.79001,1081.79
2016,5,1350,103.27,87.209999,190.48,459,388.62,847.62,540,458.70001,998.70001,607.5,515.90002,1123.4
2016,5,1400,107.1,90.440002,197.54001,476,403.01001,879.01001,560,475.69,1035.6899,630,535.01001,1165.01
2016,5,1450,110.92,93.669998,204.59,493,417.39999,910.40002,580,492.67999,1072.6799,652.5,554.10999,1206.61
2016,5,1500,114.75,96.900002,211.64999,510,431.79999,941.79999,600,509.67001,1109.67,675,573.21997,1248.22
2016,5,1550,118.58,100.13,218.70999,527,446.19,973.19,620,526.65997,1146.6599,697.5,592.33002,1289.8301
2016,5,1600,122.4,103.36,225.76001,544,460.57999,1004.58,640,543.65002,1183.65,720,611.44,1331.4399
2016,5,1650,126.22,106.59,232.81,561,474.98001,1035.98,660,560.64001,1220.64,742.5,630.53998,1373.04
2016,5,1700,130.05,109.82,239.87,578,489.37,1067.37,680,577.63,1257.63,765,649.65002,1414.65
2016,5,1750,133.88,113.06,246.94,595,503.76001,1098.76,700,594.62,1294.62,787.5,668.76001,1456.26
2016,5,1800,137.7,116.29,253.98999,612,518.15997,1130.1599,720,611.60999,1331.61,810,687.87,1497.87
2016,5,1850,141.53,119.52,261.04999,629,532.54999,1161.55,740,628.59003,1368.5901,832.5,706.96997,1539.47
2016,5,1900,145.35001,122.75,268.10001,646,546.94,1192.9399,760,645.58002,1405.5801,855,726.08002,1581.0801
2016,5,1950,149.17999,125.98,275.16,663,561.34003,1224.3401,780,662.57001,1442.5701,877.5,745.19,1622.6899
2016,5,2000,153,129.21001,282.21002,680,575.72998,1255.73,800,679.56,1479.5601,900,764.29999,1664.3
2016,5,2050,156.82001,132.44,289.26001,697,590.12,1287.12,820,696.54999,1516.55,922.5,783.40002,1705.9
2016,5,2100,160.64999,135.67,296.32001,714,604.52002,1318.52,840,713.53998,1553.54,945,802.51001,1747.51
2016,5,2150,164.47,138.89999,303.37,731,618.90997,1349.9099,860,730.53003,1590.53,967.5,821.62,1789.12
2016,5,2200,168.3,142.13,310.42999,748,633.29999,1381.3,880,747.52002,1627.52,990,840.71997,1830.72
2016,5,2250,172.12,145.36,317.47998,765,647.70001,1412.7,900,764.51001,1664.51,1012.5,859.83002,1872.3301
2016,5,2300,175.95,148.59,324.53998,782,662.09003,1444.0901,920,781.5,1701.5,1035,878.94,1913.9399
2016,5,2350,179.78,151.82001,331.60001,799,676.47998,1475.48,940,798.48999,1738.49,1057.5,898.04999,1955.55
2016,5,2400,183.60001,155.05,338.65002,816,690.88,1506.88,960,815.46997,1775.47,1080,917.15002,1997.15
2016,5,2450,187.42,158.28,345.70001,833,705.27002,1538.27,980,832.46002,1812.46,1102.5,936.26001,2038.76
2016,5,2500,191.25,161.50999,352.76001,850,719.65997,1569.6599,1000,849.45001,1849.45,1125,955.37,2080.3701
2016,5,2550,195.07001,164.74001,359.81,867,734.06,1601.0601,1020,866.44,1886.4399,1147.5,974.47998,2121.98
2016,5,2600,198.89999,167.97,366.87,884,748.45001,1632.45,1040,883.42999,1923.4299,1170,993.58002,2163.5801
2016,5,2650,202.72,171.2,373.91998,901,762.84003,1663.8401,1060,900.41998,1960.4199,1192.5,1012.69,2205.1899
2016,5,2700,206.55,174.42999,380.97998,918,777.23999,1695.24,1080,917.40997,1997.4099,1215,1031.8,2246.8
2016,5,2750,210.38,177.66,388.04001,935,791.63,1726.63,1100,934.40002,2034.4,1237.5,1050.91,2288.4102
2016,5,2800,214.2,180.89,395.09,952,806.02002,1758.02,1120,951.39001,2071.3901,1260,1070.01,2330.01
2016,5,2850,218.03,184.12,402.14999,969,820.41998,1789.4199,1140,968.38,2108.3799,1282.5,1089.12,2371.6201
2016,5,2900,221.85001,187.35001,409.20001,986,834.81,1820.8101,1160,985.37,2145.3701,1305,1108.23,2413.23
2016,5,2950,225.67,190.58,416.25,1003,849.20001,1852.2,1180,1002.36,2182.3599,1327.5,1127.34,2454.8398
2016,5,3000,229.5,193.81,423.31,1020,863.59998,1883.6,1200,1019.34,2219.3401,1350,1146.4399,2496.4399
2016,5,3050,233.32001,197.03999,430.35999,1037,877.98999,1914.99,1220,1036.33,2256.3301,1372.5,1165.55,2538.05
2016,5,3100,237.14999,200.27,437.41998,1054,892.38,1946.38,1240,1053.3199,2293.3198,1395,1184.66,2579.6602
2016,5,3150,240.97,203.5,444.47,1071,906.78003,1977.78,1260,1070.3101,2330.3101,1417.5,1203.77,2621.27
2016,5,3200,244.8,206.73,451.53,1088,921.16998,2009.1699,1280,1087.3,2367.3,1440,1222.87,2662.8701
2016,5,3250,248.62,209.96001,458.58002,1105,935.56,2040.5601,1300,1104.29,2404.29,1462.5,1241.98,2704.48
2016,5,3300,252.45,213.19,465.64001,1122,949.96002,2071.96,1320,1121.28,2441.28,1485,1261.09,2746.0898
2016,5,3350,256.26999,216.42,472.69,1139,964.34998,2103.3501,1340,1138.27,2478.27,1507.5,1280.2,2787.7
2016,5,3400,260.10001,214.35001,474.45001,1156,978.73999,2134.74,1360,1155.26,2515.26,1530,1299.3,2829.3
2016,5,3450,263.92999,211.12,475.04999,1173,993.14001,2166.1401,1380,1172.25,2552.25,1552.5,1318.41,2870.9102
2016,5,3500,267.75,207.89,475.64001,1190,1007.53,2197.53,1400,1189.24,2589.24,1575,1337.52,2912.52
2016,5,3550,271.57001,204.66,476.23001,1207,1021.92,2228.9199,1420,1206.22,2626.22,1597.5,1356.63,2954.1299
2016,5,3600,275.39999,201.42999,476.82999,1224,1036.3199,2260.3198,1440,1223.21,2663.21,1620,1375.73,2995.73
2016,5,3650,279.23001,198.2,477.42999,1241,1050.71,2291.71,1460,1240.2,2700.2,1642.5,1394.84,3037.3398
2016,5,3700,283.04999,194.97,478.01999,1258,1065.1,2323.1001,1480,1257.1899,2737.1899,1665,1413.95,3078.95
2016,5,3750,286.88,191.74001,478.62,1275,1079.5,2354.5,1500,1274.1801,2774.1802,1687.5,1433.0601,3120.5601
2016,5,3800,290.70001,188.50999,479.21002,1292,1093.89,2385.8901,1520,1291.17,2811.1699,1710,1452.16,3162.1602
2016,5,3850,294.51999,185.28,479.79999,1309,1108.28,2417.28,1540,1308.16,2848.1602,1732.5,1471.27,3203.77
2016,5,3900,298.35001,182.05,480.40002,1326,1122.6801,2448.6802,1560,1325.15,2885.1499,1755,1490.38,3245.3799
2016,5,3950,302.17999,178.82001,481,1343,1137.0699,2480.0698,1580,1342.14,2922.1401,1777.5,1509.49,3286.99
2016,5,4000,306,175.59,481.59,1360,1151.46,2511.46,1600,1359.13,2959.1299,1800,1528.59,3328.5898
2016,5,4050,309.82001,172.36,482.17999,1377,1165.86,2542.8599,1620,1376.12,2996.1201,1822.5,1547.7,3370.2
2016,5,4100,313.64999,169.13,482.78,1394,1180.25,2574.25,1640,1393.1,3033.1001,1845,1566.8101,3411.8101
2016,5,4150,317.47,165.89999,483.37,1411,1194.64,2605.6401,1660,1410.09,3070.0898,1867.5,1585.92,3453.4199
2016,5,4200,321.29999,162.67,483.96997,1428,1209.04,2637.04,1680,1427.08,3107.0801,1890,1605.02,3495.02
2016,5,4250,325.12,159.44,484.56,1445,1223.4301,2668.4302,1700,1444.0699,3144.0698,1912.5,1624.13,3536.6299
2016,5,4300,328.95001,156.21001,485.16003,1462,1237.8199,2699.8198,1720,1461.0601,3181.0601,1935,1643.24,3578.24
2016,5,4350,332.76999,152.98,485.75,1479,1252.22,2731.22,1740,1478.05,3218.05,1957.5,1662.35,3619.8501
2016,5,4400,336.60001,149.75,486.35001,1496,1266.61,2762.6099,1760,1495.04,3255.04,1980,1681.45,3661.45
2016,5,4450,340.42999,146.52,486.95001,1513,1281,2794,1780,1512.03,3292.03,2002.5,1700.5601,3703.0601
2016,5,4500,344.25,143.28999,487.53998,1530,1295.4,2825.3999,1800,1529.02,3329.02,2025,1719.67,3744.6699
2016,5,4550,348.07001,140.06,488.13,1547,1309.79,2856.79,1820,1546.01,3366.01,2047.5,1738.78,3786.28
2016,5,4600,351.89999,136.83,488.72998,1564,1324.1801,2888.1802,1840,1563,3403,2070,1757.88,3827.8799
2016,5,4650,355.72,133.60001,489.32001,1581,1338.58,2919.5801,1860,1579.99,3439.99,2092.5,1776.99,3869.49
2016,5,4700,359.54999,130.37,489.91998,1598,1352.97,2950.97,1880,1596.97,3476.97,2115,1796.1,3911.1001
2016,5,4750,363.38,127.14,490.52002,1615,1367.36,2982.3599,1900,1613.96,3513.96,2137.5,1815.21,3952.71
2016,5,4800,367.20001,123.91,491.11002,1632,1381.76,3013.76,1920,1630.95,3550.95,2160,1834.3101,3994.3101
2016,5,4850,371.01999,120.68,491.69998,1649,1396.15,3045.1499,1940,1647.9399,3587.9399,2182.5,1853.42,4035.9199
2016,5,4900,374.85001,117.45,492.29999,1666,1410.54,3076.54,1960,1664.9301,3624.9302,2205,1872.53,4077.53
2016,5,4950,378.67999,114.22,492.89999,1683,1424.9399,3107.9399,1980,1681.92,3661.9199,2227.5,1891.64,4119.1401
2016,5,5000,382.5,110.99,493.48999,1700,1439.33,3139.3301,2000,1698.91,3698.9102,2250,1910.74,4160.7402
2016,5,5050,386.32001,107.76,494.08002,1717,1450.28,3167.28,2020,1715.9,3735.8999,2272.5,1929.85,4202.3501
2016,5,5100,390.14999,104.53,494.67999,1734,1435.88,3169.8799,2040,1732.89,3772.8901,2295,1948.96,4243.96
2016,5,5150,393.97,101.3,495.27002,1751,1421.49,3172.49,2060,1749.88,3809.8799,2317.5,1968.0699,4285.5698
2016,5,5200,397.79999,98.07,495.87,1768,1407.1,3175.1001,2080,1766.87,3846.8701,2340,1987.17,4327.1699
2016,5,5250,401.62,94.839996,496.45999,1785,1392.7,3177.7,2100,1783.85,3883.8501,2362.5,2006.28,4368.7803
2016,5,5300,405.45001,91.610001,497.06,1802,1378.3101,3180.3101,2120,1800.84,3920.8398,2385,2025.39,4410.3901
2016,5,5350,409.26999,88.379997,497.64999,1819,1363.92,3182.9199,2140,1817.83,3957.8301,2407.5,2044.5,4452
2016,5,5400,413.10001,85.150002,498.25,1836,1349.52,3185.52,2160,1834.8199,3994.8198,2430,2063.6001,4493.6001
2016,5,5450,416.92999,81.919998,498.84998,1853,1335.13,3188.1299,2180,1851.8101,4031.8101,2452.5,2082.71,4535.21
2016,5,5500,420.75,78.690002,499.44,1870,1320.74,3190.74,2200,1868.8,4068.8,2475,2101.8201,4576.8203
2016,5,5550,424.57001,75.459999,500.03,1887,1306.34,3193.3398,2220,1885.79,4105.79,2497.5,2120.9299,4618.4297
2016,5,5600,428.39999,72.220001,500.62,1904,1291.95,3195.95,2240,1902.78,4142.7803,2520,2140.03,4660.0303
2016,5,5650,432.22,68.989998,501.20999,1921,1277.5601,3198.5601,2260,1919.77,4179.77,2542.5,2159.1399,4701.6396
2016,5,5700,436.04999,65.760002,501.81,1938,1263.16,3201.1602,2280,1936.76,4216.7598,2565,2178.25,4743.25
2016,5,5750,439.88,62.529999,502.41,1955,1248.77,3203.77,2300,1953.75,4253.75,2587.5,2197.3601,4784.8604
2016,5,5800,443.70001,59.299999,503,1972,1234.38,3206.3799,2320,1970.74,4290.7402,2610,2216.46,4826.46
2016,5,5850,447.51999,56.07,503.59,1989,1219.98,3208.98,2340,1987.72,4327.7197,2632.5,2235.5701,4868.0703
2016,5,5900,451.35001,52.84,504.19,2006,1205.59,3211.5898,2360,2004.71,4364.71,2655,2254.6799,4909.6797
2016,5,5950,455.17999,49.610001,504.78998,2023,1191.2,3214.2,2380,2021.7,4401.7002,2677.5,2273.79,4951.29
2016,5,6000,459,46.380001,505.38,2040,1176.8,3216.8,2400,2038.6899,4438.6899,2700,2292.8899,4992.8896
2016,5,6050,462.82001,43.150002,505.97,2057,1162.41,3219.4102,2420,2055.6799,4475.6797,2722.5,2312,5034.5
2016,5,6100,466.64999,39.919998,506.57001,2074,1148.02,3222.02,2440,2072.6699,4512.6699,2745,2331.1101,5076.1104
2016,5,6150,470.47,36.689999,507.16,2091,1133.62,3224.6201,2460,2089.6599,4549.6602,2767.5,2350.22,5117.7197
2016,5,6200,474.29999,33.459999,507.75998,2108,1119.23,3227.23,2480,2106.6499,4586.6499,2790,2369.3201,5159.3203
2016,5,6250,478.12,30.23,508.35001,2125,1104.84,3229.8398,2500,2123.6399,4623.6396,2812.5,2388.4299,5200.9297
2016,5,6300,481.95001,27,508.95001,2142,1090.4399,3232.4399,2520,2140.6299,4660.6299,2835,2407.54,5242.54
2016,5,6350,485.76999,23.77,509.53998,2159,1076.05,3235.05,2540,2157.6201,4697.6201,2857.5,2426.6399,5284.1396
2016,5,6400,489.60001,20.540001,510.14001,2176,1061.66,3237.6602,2560,2174.6001,4734.6001,2880,2445.75,5325.75
2016,5,6450,493.42999,17.309999,510.73999,2193,1047.26,3240.26,2580,2191.5901,4771.5898,2902.5,2464.8601,5367.3604
2016,5,6500,497.25,14.08,511.32999,2210,1032.87,3242.8701,2600,2208.5801,4808.5801,2925,2483.97,5408.9697
2016,5,6550,501.07001,10.85,511.92001,2227,1018.48,3245.48,2620,2225.5701,4845.5703,2947.5,2503.0701,5450.5703
2016,5,6600,504.89999,7.6199999,512.52002,2244,1004.08,3248.0801,2640,2242.5601,4882.5601,2970,2522.1799,5492.1797
2016,5,6650,506,4.3899999,510.39001,2261,989.69,3250.6899,2660,2259.55,4919.5498,2992.5,2541.29,5533.79
2016,5,6700,506,1.16,507.16,2278,975.29999,3253.3,2680,2276.54,4956.54,3015,2560.3999,5575.3999
2016,5,6750,506,,506,2295,960.90002,3255.8999,2700,2293.53,4993.5303,3037.5,2579.5,5617
2016,5,6800,506,,506,2312,946.51001,3258.51,2720,2310.52,5030.52,3060,2598.6101,5658.6104
2016,5,6850,506,,506,2329,932.12,3261.1201,2740,2327.51,5067.5098,3082.5,2617.72,5700.2197
2016,5,6900,506,,506,2346,917.71997,3263.72,2760,2344.5,5104.5,3105,2636.8301,5741.8301
2016,5,6950,506,,506,2363,903.33002,3266.3301,2780,2361.49,5141.4902,3127.5,2655.9299,5783.4297
2016,5,7000,506,,506,2380,888.94,3268.9399,2800,2378.47,5178.4697,3150,2675.04,5825.04
2016,5,7050,506,,506,2397,874.53998,3271.54,2820,2395.46,5215.46,3172.5,2694.1499,5866.6499
2016,5,7100,506,,506,2414,860.15002,3274.1499,2840,2399.55,5239.5498,3195,2698.74,5893.7402
2016,5,7150,506,,506,2431,845.76001,3276.76,2860,2382.5601,5242.5601,3217.5,2679.6399,5897.1396
2016,5,7200,506,,506,2448,831.35999,3279.3599,2880,2365.5701,5245.5703,3240,2660.53,5900.5303
2016,5,7250,506,,506,2465,816.96997,3281.97,2900,2348.5801,5248.5801,3262.5,2641.4199,5903.9199
2016,5,7300,506,,506,2482,802.58002,3284.5801,2920,2331.5901,5251.5898,3285,2622.3101,5907.3101
2016,5,7350,506,,506,2499,788.17999,3287.1799,2940,2314.6001,5254.6001,3307.5,2603.21,5910.71
2016,5,7400,506,,506,2516,773.78998,3289.79,2960,2297.6101,5257.6104,3330,2584.1001,5914.1001
2016,5,7450,506,,506,2533,759.40002,3292.3999,2980,2280.6201,5260.6201,3352.5,2564.99,5917.4902
2016,5,7500,506,,506,2550,745,3295,3000,2263.6299,5263.6299,3375,2545.8799,5920.8799
2016,5,7550,506,,506,2567,730.60999,3297.6099,3020,2246.6499,5266.6499,3397.5,2526.78,5924.2803
2016,5,7600,506,,506,2584,716.21997,3300.22,3040,2229.6599,5269.6602,3420,2507.6699,5927.6699
2016,5,7650,506,,506,2601,701.82001,3302.8201,3060,2212.6699,5272.6699,3442.5,2488.5601,5931.0601
2016,5,7700,506,,506,2618,687.42999,3305.4299,3080,2195.6799,5275.6797,3465,2469.45,5934.4502
2016,5,7750,506,,506,2635,673.03998,3308.04,3100,2178.6899,5278.6899,3487.5,2450.3501,5937.8501
2016,5,7800,506,,506,2652,658.64001,3310.6401,3120,2161.7,5281.7002,3510,2431.24,5941.2402
2016,5,7850,506,,506,2669,644.25,3313.25,3140,2144.71,5284.71,3532.5,2412.1299,5944.6299
2016,5,7900,506,,506,2686,629.85999,3315.8599,3160,2127.72,5287.7197,3555,2393.02,5948.02
2016,5,7950,506,,506,2703,615.46002,3318.46,3180,2110.73,5290.73,3577.5,2373.9199,5951.4199
2016,5,8000,506,,506,2720,601.07001,3321.0701,3200,2093.74,5293.7402,3600,2354.8101,5954.8101
2016,5,8050,506,,506,2737,586.67999,3323.6799,3220,2076.75,5296.75,3622.5,2335.7,5958.2002
2016,5,8100,506,,506,2754,572.28003,3326.28,3240,2059.76,5299.7598,3645,2316.5901,5961.5898
2016,5,8150,506,,506,2771,557.89001,3328.8901,3260,2042.78,5302.7803,3667.5,2297.49,5964.9902
2016,5,8200,506,,506,2788,543.5,3331.5,3280,2025.79,5305.79,3690,2278.3799,5968.3799
2016,5,8250,506,,506,2805,529.09998,3334.1001,3300,2008.8,5308.7998,3712.5,2259.27,5971.77
2016,5,8300,503.70001,,503.70001,2822,514.71002,3336.71,3320,1991.8101,5311.8101,3735,2240.1599,5975.1602
2016,5,8350,499.88,,499.88,2839,500.32001,3339.3201,3340,1974.8199,5314.8198,3757.5,2221.0601,5978.5601
2016,5,8400,496.04999,,496.04999,2856,485.92001,3341.9199,3360,1957.83,5317.8301,3780,2201.95,5981.9502
2016,5,8450,492.23001,,492.23001,2873,471.53,3344.53,3380,1940.84,5320.8398,3802.5,2182.8401,5985.3398
2016,5,8500,488.39999,,488.39999,2890,457.14001,3347.1401,3400,1923.85,5323.8501,3825,2163.73,5988.73
2016,5,8550,484.57999,,484.57999,2907,442.73999,3349.74,3420,1906.86,5326.8599,3847.5,2144.6299,5992.1299
2016,5,8600,480.75,,480.75,2924,428.35001,3352.3501,3440,1889.87,5329.8701,3870,2125.52,5995.52
2016,5,8650,476.92999,,476.92999,2941,413.95999,3354.96,3460,1872.88,5332.8799,3892.5,2106.4099,5998.9102
2016,5,8700,473.10001,,473.10001,2958,399.56,3357.5601,3480,1855.9,5335.8999,3915,2087.3,6002.2998
2016,5,8750,469.28,,469.28,2975,385.17001,3360.1699,3500,1838.91,5338.9102,3937.5,2068.2,6005.7002
2016,5,8800,465.45001,,465.45001,2992,370.76999,3362.77,3520,1821.92,5341.9199,3960,2049.0901,6009.0898
2016,5,8850,461.63,,461.63,3009,356.38,3365.3799,3540,1804.9301,5344.9302,3982.5,2029.98,6012.48
2016,5,8900,457.79999,,457.79999,3026,341.98999,3367.99,3560,1787.9399,5347.9399,4005,2010.87,6015.8701
2016,5,8950,453.98001,,453.98001,3043,327.59,3370.5901,3580,1770.95,5350.9502,4027.5,1991.77,6019.27
2016,5,9000,450.14999,,450.14999,3060,313.20001,3373.2,3600,1753.96,5353.96,4050,1972.66,6022.6602
2016,5,9050,446.32999,,446.32999,3077,298.81,3375.8101,3620,1736.97,5356.9697,4072.5,1953.55,6026.0498
2016,5,9100,442.5,,442.5,3094,284.41,3378.4099,3640,1719.98,5359.98,4095,1934.4399,6029.4399
2016,5,9150,438.67999,,438.67999,3111,270.01999,3381.02,3660,1702.99,5362.9902,4117.5,1915.34,6032.8398
2016,5,9200,434.85001,,434.85001,3128,255.63,3383.6299,3680,1686,5366,4140,1896.23,6036.23
2016,5,9250,431.03,,431.03,3145,241.23,3386.23,3700,1669.01,5369.0098,4162.5,1877.12,6039.6201
2016,5,9300,427.20001,,427.20001,3162,226.84,3388.8401,3720,1652.03,5372.0303,4185,1858.01,6043.0098
2016,5,9350,423.38,,423.38,3179,212.45,3391.45,3740,1635.04,5375.04,4207.5,1838.91,6046.4102
2016,5,9400,419.54999,,419.54999,3196,198.05,3394.05,3760,1618.05,5378.0498,4230,1819.8,6049.7998
2016,5,9450,415.73001,,415.73001,3213,183.66,3396.6599,3780,1601.0601,5381.0601,4252.5,1800.6899,6053.1899
2016,5,9500,411.89999,,411.89999,3230,169.27,3399.27,3800,1584.0699,5384.0698,4275,1781.58,6056.5801
2016,5,9550,408.07999,,408.07999,3247,154.87,3401.8701,3820,1567.08,5387.0801,4297.5,1762.48,6059.98
2016,5,9600,404.25,,404.25,3264,140.48,3404.48,3840,1550.09,5390.0898,4320,1743.37,6063.3701
2016,5,9650,400.42999,,400.42999,3281,126.09,3407.0901,3860,1533.1,5393.1001,4342.5,1724.26,6066.7598
2016,5,9700,396.60001,,396.60001,3298,111.69,3409.6899,3880,1516.11,5396.1099,4365,1705.15,6070.1499
2016,5,9750,392.78,,392.78,3315,97.300003,3412.3,3900,1499.12,5399.1201,4387.5,1686.05,6073.5498
2016,5,9800,388.95001,,388.95001,3332,82.910004,3414.9099,3920,1482.13,5402.1299,4410,1666.9399,6076.9399
2016,5,9850,385.13,,385.13,3349,68.510002,3417.51,3940,1465.15,5405.1499,4432.5,1647.83,6080.3301
2016,5,9900,381.29999,,381.29999,3366,54.119999,3420.1201,3960,1448.16,5408.1602,4455,1628.72,6083.7197
2016,5,9950,377.48001,,377.48001,3373,39.73,3412.73,3980,1431.17,5411.1699,4477.5,1609.62,6087.1201
2016,5,10000,373.64999,,373.64999,3373,25.33,3398.3301,4000,1414.1801,5414.1802,4500,1590.51,6090.5098
2016,5,10050,369.82999,,369.82999,3373,10.94,3383.9399,4020,1397.1899,5417.1899,4522.5,1571.4,6093.8999
2016,5,10100,366,,366,3373,,3373,4040,1380.2,5420.2002,4545,1552.29,6097.29
2016,5,10150,362.17999,,362.17999,3373,,3373,4060,1363.21,5423.21,4567.5,1533.1899,6100.6899
2016,5,10200,358.35001,,358.35001,3373,,3373,4080,1346.22,5426.2197,4590,1514.08,6104.0801
2016,5,10250,354.53,,354.53,3373,,3373,4100,1329.23,5429.23,4612.5,1494.97,6107.4697
2016,5,10300,350.70001,,350.70001,3373,,3373,4120,1312.24,5432.2402,4635,1475.86,6110.8599
2016,5,10350,346.88,,346.88,3373,,3373,4140,1295.25,5435.25,4657.5,1456.76,6114.2598
2016,5,10400,343.04999,,343.04999,3373,,3373,4160,1278.26,5438.2598,4680,1437.65,6117.6499
2016,5,10450,339.23001,,339.23001,3373,,3373,4180,1261.28,5441.2803,4702.5,1418.54,6121.04
2016,5,10500,335.39999,,335.39999,3373,,3373,4200,1244.29,5444.29,4725,1399.4301,6124.4302
2016,5,10550,331.57999,,331.57999,3373,,3373,4220,1227.3,5447.2998,4747.5,1380.33,6127.8301
2016,5,10600,327.75,,327.75,3373,,3373,4240,1210.3101,5450.3101,4770,1361.22,6131.2197
2016,5,10650,323.92999,,323.92999,3373,,3373,4260,1193.3199,5453.3198,4792.5,1342.11,6134.6099
2016,5,10700,320.10001,,320.10001,3373,,3373,4280,1176.33,5456.3301,4815,1323,6138
2016,5,10750,316.28,,316.28,3373,,3373,4300,1159.34,5459.3398,4837.5,1303.9,6141.3999
2016,5,10800,312.45001,,312.45001,3373,,3373,4320,1142.35,5462.3501,4860,1284.79,6144.79
2016,5,10850,308.63,,308.63,3373,,3373,4340,1125.36,5465.3599,4882.5,1265.6801,6148.1802
2016,5,10900,304.79999,,304.79999,3373,,3373,4360,1108.37,5468.3701,4905,1246.5699,6151.5698
2016,5,10950,300.98001,,300.98001,3373,,3373,4380,1091.38,5471.3799,4927.5,1227.47,6154.9697
2016,5,11000,297.14999,,297.14999,3373,,3373,4400,1074.4,5474.3999,4950,1208.36,6158.3599
2016,5,11050,293.32999,,293.32999,3373,,3373,4420,1057.41,5477.4102,4972.5,1189.25,6161.75
2016,5,11100,289.5,,289.5,3373,,3373,4440,1040.42,5480.4199,4995,1170.14,6165.1401
2016,5,11150,285.67999,,285.67999,3373,,3373,4460,1023.43,5483.4302,5017.5,1151.04,6168.54
2016,5,11200,281.85001,,281.85001,3373,,3373,4480,1006.44,5486.4399,5040,1131.9301,6171.9302
2016,5,11250,278.03,,278.03,3373,,3373,4500,989.45001,5489.4502,5062.5,1112.8199,6175.3198
2016,5,11300,274.20001,,274.20001,3373,,3373,4520,972.46002,5492.46,5085,1093.72,6178.7197
2016,5,11350,270.38,,270.38,3373,,3373,4540,955.46997,5495.4697,5107.5,1074.61,6182.1099
2016,5,11400,266.54999,,266.54999,3373,,3373,4560,938.47998,5498.48,5130,1055.5,6185.5
2016,5,11450,262.73001,,262.73001,3373,,3373,4580,921.48999,5501.4902,5152.5,1036.39,6188.8901
2016,5,11500,258.89999,,258.89999,3373,,3373,4600,904.5,5504.5,5175,1017.29,6192.29
2016,5,11550,255.08,,255.08,3373,,3373,4620,887.51001,5507.5098,5197.5,998.17999,6195.6802
2016,5,11600,251.25,,251.25,3373,,3373,4640,870.53003,5510.5303,5220,979.07001,6199.0698
2016,5,11650,247.42999,,247.42999,3373,,3373,4660,853.53998,5513.54,5242.5,959.96002,6202.46
2016,5,11700,243.60001,,243.60001,3373,,3373,4680,836.54999,5516.5498,5265,940.85999,6205.8599
2016,5,11750,239.78,,239.78,3373,,3373,4700,819.56,5519.5601,5287.5,921.75,6209.25
2016,5,11800,235.95,,235.95,3373,,3373,4720,802.57001,5522.5698,5310,902.64001,6212.6401
2016,5,11850,232.13,,232.13,3373,,3373,4740,785.58002,5525.5801,5332.5,883.53003,6216.0303
2016,5,11900,228.3,,228.3,3373,,3373,4760,768.59003,5528.5898,5355,864.42999,6219.4302
2016,5,11950,224.48,,224.48,3373,,3373,4780,751.59998,5531.6001,5377.5,845.32001,6222.8198
2016,5,12000,220.64999,,220.64999,3373,,3373,4800,734.60999,5534.6099,5400,826.21002,6226.21
2016,5,12050,216.83,,216.83,3373,,3373,4820,717.62,5537.6201,5422.5,807.09998,6229.6001
2016,5,12100,213,,213,3373,,3373,4840,700.63,5540.6299,5445,788,6233
2016,5,12150,209.17999,,209.17999,3373,,3373,4860,683.65002,5543.6499,5467.5,768.89001,6236.3901
2016,5,12200,205.35001,,205.35001,3373,,3373,4880,666.65997,5546.6602,5490,749.78003,6239.7803
2016,5,12250,201.53,,201.53,3373,,3373,4900,649.66998,5549.6699,5512.5,730.66998,6243.1699
2016,5,12300,197.7,,197.7,3373,,3373,4920,632.67999,5552.6802,5535,711.57001,6246.5698
2016,5,12350,193.88,,193.88,3373,,3373,4940,615.69,5555.6899,5557.5,692.46002,6249.96
2016,5,12400,190.05,,190.05,3373,,3373,4960,598.70001,5558.7002,5580,673.34998,6253.3501
2016,5,12450,186.23,,186.23,3373,,3373,4980,581.71002,5561.71,5602.5,654.23999,6256.7402
2016,5,12500,182.39999,,182.39999,3373,,3373,5000,564.71997,5564.7197,5625,635.14001,6260.1401
2016,5,12550,178.58,,178.58,3373,,3373,5020,547.72998,5567.73,5647.5,616.03003,6263.5303
2016,5,12600,174.75,,174.75,3373,,3373,5040,530.73999,5570.7402,5670,596.91998,6266.9199
2016,5,12650,170.92999,,170.92999,3373,,3373,5060,513.75,5573.75,5692.5,577.81,6270.3101
2016,5,12700,167.10001,,167.10001,3373,,3373,5080,496.76999,5576.77,5715,558.71002,6273.71
2016,5,12750,163.28,,163.28,3373,,3373,5100,479.78,5579.7798,5737.5,539.59998,6277.1001
2016,5,12800,159.45,,159.45,3373,,3373,5120,462.79001,5582.79,5760,520.48999,6280.4902
2016,5,12850,155.63,,155.63,3373,,3373,5140,445.79999,5585.7998,5782.5,501.38,6283.8799
2016,5,12900,151.8,,151.8,3373,,3373,5160,428.81,5588.8101,5805,482.28,6287.2798
2016,5,12950,147.98,,147.98,3373,,3373,5180,411.82001,5591.8198,5827.5,463.17001,6290.6699
2016,5,13000,144.14999,,144.14999,3373,,3373,5200,394.82999,5594.8301,5850,444.06,6294.0601
2016,5,13050,140.33,,140.33,3373,,3373,5220,377.84,5597.8398,5872.5,424.95001,6297.4502
2016,5,13100,136.5,,136.5,3373,,3373,5240,360.85001,5600.8501,5895,405.85001,6300.8501
2016,5,13150,132.67999,,132.67999,3373,,3373,5260,343.85999,5603.8599,5917.5,386.73999,6304.2402
2016,5,13200,128.85001,,128.85001,3373,,3373,5280,326.87,5606.8701,5940,367.63,6307.6299
2016,5,13250,125.03,,125.03,3373,,3373,5300,309.88,5609.8799,5962.5,348.51999,6311.02
2016,5,13300,121.2,,121.2,3373,,3373,5320,292.89999,5612.8999,5985,329.42001,6314.4199
2016,5,13350,117.38,,117.38,3373,,3373,5340,275.91,5615.9102,6007.5,310.31,6317.8101
2016,5,13400,113.55,,113.55,3373,,3373,5360,258.92001,5618.9199,6030,291.20001,6321.2002
2016,5,13450,109.73,,109.73,3373,,3373,5380,241.92999,5621.9302,6052.5,272.09,6324.5898
2016,5,13500,105.9,,105.9,3373,,3373,5400,224.94,5624.9399,6075,252.99001,6327.9902
2016,5,13550,102.08,,102.08,3373,,3373,5420,207.95,5627.9502,6097.5,233.88,6331.3799
2016,5,13600,98.25,,98.25,3373,,3373,5440,190.96001,5630.96,6120,214.77,6334.77
2016,5,13650,94.43,,94.43,3373,,3373,5460,173.97,5633.9702,6142.5,195.66,6338.1602
2016,5,13700,90.599998,,90.599998,3373,,3373,5480,156.98,5636.98,6165,176.56,6341.5601
2016,5,13750,86.779999,,86.779999,3373,,3373,5500,139.99001,5639.9902,6187.5,157.45,6344.9502
2016,5,13800,82.949997,,82.949997,3373,,3373,5520,123,5643,6210,138.34,6348.3398
2016,5,13850,79.129997,,79.129997,3373,,3373,5540,106.02,5646.02,6232.5,119.23,6351.73
2016,5,13900,75.300003,,75.300003,3373,,3373,5560,89.029999,5649.0298,6255,100.13,6355.1299
2016,5,13950,71.480003,,71.480003,3373,,3373,5572,72.040001,5644.04,6269,81.019997,6350.02
2016,5,14000,67.650002,,67.650002,3373,,3373,5572,55.049999,5627.0498,6269,61.91,6330.9102
2016,5,14050,63.830002,,63.830002,3373,,3373,5572,38.060001,5610.0601,6269,42.799999,6311.7998
2016,5,14100,60,,60,3373,,3373,5572,21.07,5593.0698,6269,23.700001,6292.7002
2016,5,14150,56.18,,56.18,3373,,3373,5572,4.0799999,5576.0801,6269,4.5900002,6273.5898
2016,5,14200,52.349998,,52.349998,3373,,3373,5572,,5572,6269,,6269
2016,5,14250,48.529999,,48.529999,3373,,3373,5572,,5572,6269,,6269
2016,5,14300,44.700001,,44.700001,3373,,3373,5572,,5572,6269,,6269
2016,5,14350,40.880001,,40.880001,3373,,3373,5572,,5572,6269,,6269
2016,5,14400,37.049999,,37.049999,3373,,3373,5572,,5572,6269,,6269
2016,5,14450,33.23,,33.23,3373,,3373,5572,,5572,6269,,6269
2016,5,14500,29.4,,29.4,3373,,3373,5572,,5572,6269,,6269
2016,5,14550,25.58,,25.58,3373,,3373,5572,,5572,6269,,6269
2016,5,14600,21.75,,21.75,3373,,3373,5572,,5572,6269,,6269
2016,5,14650,17.93,,17.93,3373,,3373,5572,,5572,6269,,6269
2016,5,14700,14.1,,14.1,3373,,3373,5572,,5572,6269,,6269
2016,5,14750,10.28,,10.28,3373,,3373,5572,,5572,6269,,6269
2016,5,14800,6.4499998,,6.4499998,3373,,3373,5572,,5572,6269,,6269
2016,5,14850,2.6300001,,2.6300001,3373,,3373,5572,,5572,6269,,6269
2016,5,14900,,,,3373,,3373,5572,,5572,6269,,6269
2016,5,14950,,,,3373,,3373,5572,,5572,6269,,6269
2016,5,15000,,,,3373,,3373,5572,,5572,6269,,6269
2016,5,15050,,,,3373,,3373,5572,,5572,6269,,6269
2016,5,15100,,,,3373,,3373,5572,,5572,6269,,6269
2016,5,15150,,,,3373,,3373,5572,,5572,6269,,6269
2016,5,15200,,,,3373,,3373,5572,,5572,6269,,6269
2016,5,15250,,,,3373,,3373,5572,,5572,6269,,6269
2016,5,15300,,,,3373,,3373,5572,,5572,6269,,6269
2016,5,15350,,,,3373,,3373,5572,,5572,6269,,6269
2016,5,15400,,,,3373,,3373,5572,,5572,6269,,6269
2016,5,15450,,,,3373,,3373,5572,,5572,6269,,6269
2016,5,15500,,,,3373,,3373,5572,,5572,6269,,6269
2016,5,15550,,,,3373,,3373,5572,,5572,6269,,6269
2016,5,15600,,,,3373,,3373,5572,,5572,6269,,6269
2016,5,15650,,,,3373,,3373,5572,,5572,6269,,6269
2016,5,15700,,,,3373,,3373,5572,,5572,6269,,6269
2016,5,15750,,,,3373,,3373,5572,,5572,6269,,6269
2016,5,15800,,,,3373,,3373,5572,,5572,6269,,6269
2016,5,15850,,,,3373,,3373,5572,,5572,6269,,6269
2016,5,15900,,,,3373,,3373,5572,,5572,6269,,6269
2016,5,15950,,,,3373,,3373,5572,,5572,6269,,6269
2016,5,16000,,,,3373,,3373,5572,,5572,6269,,6269
2016,5,16050,,,,3373,,3373,5572,,5572,6269,,6269
2016,5,16100,,,,3373,,3373,5572,,5572,6269,,6269
2016,5,16150,,,,3373,,3373,5572,,5572,6269,,6269
2016,5,16200,,,,3373,,3373,5572,,5572,6269,,6269
2016,5,16250,,,,3373,,3373,5572,,5572,6269,,6269
2016,5,16300,,,,3373,,3373,5572,,5572,6269,,6269
2016,5,16350,,,,3373,,3373,5572,,5572,6269,,6269
2016,5,16400,,,,3373,,3373,5572,,5572,6269,,6269
2016,5,16450,,,,3373,,3373,5572,,5572,6269,,6269
2016,5,16500,,,,3373,,3373,5572,,5572,6269,,6269
2016,5,16550,,,,3373,,3373,5572,,5572,6269,,6269
2016,5,16600,,,,3373,,3373,5572,,5572,6269,,6269
2016,5,16650,,,,3373,,3373,5572,,5572,6269,,6269
2016,5,16700,,,,3373,,3373,5572,,5572,6269,,6269
2016,5,16750,,,,3373,,3373,5572,,5572,6269,,6269
2016,5,16800,,,,3373,,3373,5572,,5572,6269,,6269
2016,5,16850,,,,3373,,3373,5572,,5572,6269,,6269
2016,5,16900,,,,3373,,3373,5572,,5572,6269,,6269
2016,5,16950,,,,3373,,3373,5572,,5572,6269,,6269
2016,5,17000,,,,3373,,3373,5572,,5572,6269,,6269
2016,5,17050,,,,3373,,3373,5572,,5572,6269,,6269
2016,5,17100,,,,3373,,3373,5572,,5572,6269,,6269
2016,5,17150,,,,3373,,3373,5572,,5572,6269,,6269
2016,5,17200,,,,3373,,3373,5572,,5572,6269,,6269
2016,5,17250,,,,3373,,3373,5572,,5572,6269,,6269
2016,5,17300,,,,3373,,3373,5572,,5572,6269,,6269
2016,5,17350,,,,3373,,3373,5572,,5572,6269,,6269
2016,5,17400,,,,3373,,3373,5572,,5572,6269,,6269
2016,5,17450,,,,3373,,3373,5572,,5572,6269,,6269
2016,5,17500,,,,3373,,3373,5572,,5572,6269,,6269
2016,5,17550,,,,3373,,3373,5572,,5572,6269,,6269
2016,5,17600,,,,3373,,3373,5572,,5572,6269,,6269
2016,5,17650,,,,3373,,3373,5572,,5572,6269,,6269
2016,5,17700,,,,3373,,3373,5572,,5572,6269,,6269
2016,5,17750,,,,3373,,3373,5572,,5572,6269,,6269
2016,5,17800,,,,3373,,3373,5572,,5572,6269,,6269
2016,5,17850,,,,3373,,3373,5572,,5572,6269,,6269
2016,5,17900,,,,3373,,3373,5572,,5572,6269,,6269
2016,5,17950,,,,3373,,3373,5572,,5572,6269,,6269
2016,5,18000,,,,3373,,3373,5572,,5572,6269,,6269
2016,5,18050,,,,3373,,3373,5572,,5572,6269,,6269
2016,5,18100,,,,3373,,3373,5572,,5572,6269,,6269
2016,5,18150,,,,3373,,3373,5572,,5572,6269,,6269
2016,5,18200,,,,3371.3999,,3371.3999,5569.8901,,5569.8901,6266.8901,,6266.8901
2016,5,18250,,,,3363.4099,,3363.4099,5559.3599,,5559.3599,6256.3599,,6256.3599
2016,5,18300,,,,3355.4199,,3355.4199,5548.8301,,5548.8301,6245.8301,,6245.8301
2016,5,18350,,,,3347.4299,,3347.4299,5538.2998,,5538.2998,6235.2998,,6235.2998
2016,5,18400,,,,3339.4399,,3339.4399,5527.77,,5527.77,6224.77,,6224.77
2016,5,18450,,,,3331.45,,3331.45,5517.2402,,5517.2402,6214.2402,,6214.2402
2016,5,18500,,,,3323.46,,3323.46,5506.71,,5506.71,6203.71,,6203.71
2016,5,18550,,,,3315.47,,3315.47,5496.1802,,5496.1802,6193.1802,,6193.1802
2016,5,18600,,,,3307.48,,3307.48,5485.6499,,5485.6499,6182.6499,,6182.6499
2016,5,18650,,,,3299.49,,3299.49,5475.1201,,5475.1201,6172.1201,,6172.1201
2016,5,18700,,,,3291.5,,3291.5,5464.5898,,5464.5898,6161.5898,,6161.5898
2016,5,18750,,,,3283.51,,3283.51,5454.0601,,5454.0601,6151.0601,,6151.0601
2016,5,18800,,,,3275.52,,3275.52,5443.5298,,5443.5298,6140.5298,,6140.5298
2016,5,18850,,,,3267.53,,3267.53,5433,,5433,6130,,6130
2016,5,18900,,,,3259.54,,3259.54,5422.4702,,5422.4702,6119.4702,,6119.4702
2016,5,18950,,,,3251.55,,3251.55,5411.9399,,5411.9399,6108.9399,,6108.9399
2016,5,19000,,,,3243.5601,,3243.5601,5401.4102,,5401.4102,6098.4102,,6098.4102
2016,5,19050,,,,3235.5701,,3235.5701,5390.8799,,5390.8799,6087.8799,,6087.8799
2016,5,19100,,,,3227.5801,,3227.5801,5380.3501,,5380.3501,6077.3501,,6077.3501
2016,5,19150,,,,3219.5901,,3219.5901,5369.8198,,5369.8198,6066.8198,,6066.8198
2016,5,19200,,,,3211.6001,,3211.6001,5359.29,,5359.29,6056.29,,6056.29
2016,5,19250,,,,3203.6101,,3203.6101,5348.7598,,5348.7598,6045.7598,,6045.7598
2016,5,19300,,,,3195.6201,,3195.6201,5338.23,,5338.23,6035.23,,6035.23
2016,5,19350,,,,3187.6299,,3187.6299,5327.7002,,5327.7002,6024.7002,,6024.7002
2016,5,19400,,,,3179.6399,,3179.6399,5317.1699,,5317.1699,6014.1699,,6014.1699
2016,5,19450,,,,3171.6499,,3171.6499,5306.6401,,5306.6401,6003.6401,,6003.6401
2016,5,19500,,,,3163.6599,,3163.6599,5296.1099,,5296.1099,5993.1099,,5993.1099
2016,5,19550,,,,3155.6699,,3155.6699,5285.5801,,5285.5801,5982.5801,,5982.5801
2016,5,19600,,,,3147.6799,,3147.6799,5275.0498,,5275.0498,5972.0498,,5972.0498
2016,5,19650,,,,3139.6899,,3139.6899,5264.52,,5264.52,5961.52,,5961.52
2016,5,19700,,,,3131.7,,3131.7,5253.9902,,5253.9902,5950.9902,,5950.9902
2016,5,19750,,,,3123.71,,3123.71,5243.46,,5243.46,5940.46,,5940.46
2016,5,19800,,,,3115.72,,3115.72,5232.9302,,5232.9302,5929.9302,,5929.9302
2016,5,19850,,,,3107.73,,3107.73,5222.3999,,5222.3999,5919.3999,,5919.3999
2016,5,19900,,,,3099.74,,3099.74,5211.8701,,5211.8701,5908.8701,,5908.8701
2016,5,19950,,,,3091.75,,3091.75,5201.3398,,5201.3398,5898.3398,,5898.3398
2016,5,20000,,,,3083.76,,3083.76,5190.8101,,5190.8101,5887.8101,,5887.8101
2016,5,20050,,,,3075.77,,3075.77,5180.2798,,5180.2798,5877.2798,,5877.2798
2016,5,20100,,,,3067.78,,3067.78,5169.75,,5169.75,5866.75,,5866.75
2016,5,20150,,,,3059.79,,3059.79,5159.2202,,5159.2202,5856.2202,,5856.2202
2016,5,20200,,,,3051.8,,3051.8,5148.6899,,5148.6899,5845.6899,,5845.6899
2016,5,20250,,,,3043.8101,,3043.8101,5138.1602,,5138.1602,5835.1602,,5835.1602
2016,5,20300,,,,3035.8201,,3035.8201,5127.6299,,5127.6299,5824.6299,,5824.6299
2016,5,20350,,,,3027.8301,,3027.8301,5117.1001,,5117.1001,5814.1001,,5814.1001
2016,5,20400,,,,3019.8401,,3019.8401,5106.5698,,5106.5698,5803.5698,,5803.5698
2016,5,20450,,,,3011.8501,,3011.8501,5096.04,,5096.04,5793.04,,5793.04
2016,5,20500,,,,3003.8601,,3003.8601,5085.5098,,5085.5098,5782.5098,,5782.5098
2016,5,20550,,,,2995.8701,,2995.8701,5074.98,,5074.98,5771.98,,5771.98
2016,5,20600,,,,2987.8799,,2987.8799,5064.4502,,5064.4502,5761.4502,,5761.4502
2016,5,20650,,,,2979.8899,,2979.8899,5053.9199,,5053.9199,5750.9199,,5750.9199
2016,5,20700,,,,2971.8999,,2971.8999,5043.3901,,5043.3901,5740.3901,,5740.3901
2016,5,20750,,,,2963.9099,,2963.9099,5032.8599,,5032.8599,5729.8599,,5729.8599
2016,5,20800,,,,2955.9199,,2955.9199,5022.3301,,5022.3301,5719.3301,,5719.3301
2016,5,20850,,,,2947.9299,,2947.9299,5011.7998,,5011.7998,5708.7998,,5708.7998
2016,5,20900,,,,2939.9399,,2939.9399,5001.27,,5001.27,5698.27,,5698.27
2016,5,20950,,,,2931.95,,2931.95,4990.7402,,4990.7402,5687.7402,,5687.7402
2016,5,21000,,,,2923.96,,2923.96,4980.21,,4980.21,5677.21,,5677.21
2016,5,21050,,,,2915.97,,2915.97,4969.6802,,4969.6802,5666.6802,,5666.6802
2016,5,21100,,,,2907.98,,2907.98,4959.1499,,4959.1499,5656.1499,,5656.1499
2016,5,21150,,,,2899.99,,2899.99,4948.6201,,4948.6201,5645.6201,,5645.6201
2016,5,21200,,,,2892,,2892,4938.0898,,4938.0898,5635.0898,,5635.0898
2016,5,21250,,,,2884.01,,2884.01,4927.5601,,4927.5601,5624.5601,,5624.5601
2016,5,21300,,,,2876.02,,2876.02,4917.0298,,4917.0298,5614.0298,,5614.0298
2016,5,21350,,,,2868.03,,2868.03,4906.5,,4906.5,5603.5,,5603.5
2016,5,21400,,,,2860.04,,2860.04,4895.9702,,4895.9702,5592.9702,,5592.9702
2016,5,21450,,,,2852.05,,2852.05,4885.4399,,4885.4399,5582.4399,,5582.4399
2016,5,21500,,,,2844.0601,,2844.0601,4874.9102,,4874.9102,5571.9102,,5571.9102
2016,5,21550,,,,2836.0701,,2836.0701,4864.3799,,4864.3799,5561.3799,,5561.3799
2016,5,21600,,,,2828.0801,,2828.0801,4853.8501,,4853.8501,5550.8501,,5550.8501
2016,5,21650,,,,2820.0901,,2820.0901,4843.3198,,4843.3198,5540.3198,,5540.3198
2016,5,21700,,,,2812.1001,,2812.1001,4832.79,,4832.79,5529.79,,5529.79
2016,5,21750,,,,2804.1101,,2804.1101,4822.2598,,4822.2598,5519.2598,,5519.2598
2016,5,21800,,,,2796.1201,,2796.1201,4811.73,,4811.73,5508.73,,5508.73
2016,5,21850,,,,2788.1299,,2788.1299,4801.2002,,4801.2002,5498.2002,,5498.2002
2016,5,21900,,,,2780.1399,,2780.1399,4790.6699,,4790.6699,5487.6699,,5487.6699
2016,5,21950,,,,2772.1499,,2772.1499,4780.1401,,4780.1401,5477.1401,,5477.1401
2016,5,22000,,,,2764.1599,,2764.1599,4769.6099,,4769.6099,5466.6099,,5466.6099
2016,5,22050,,,,2756.1699,,2756.1699,4759.0801,,4759.0801,5456.0801,,5456.0801
2016,5,22100,,,,2748.1799,,2748.1799,4748.5498,,4748.5498,5445.5498,,5445.5498
2016,5,22150,,,,2740.1899,,2740.1899,4738.02,,4738.02,5435.02,,5435.02
2016,5,22200,,,,2732.2,,2732.2,4727.4902,,4727.4902,5424.4902,,5424.4902
2016,5,22250,,,,2724.21,,2724.21,4716.96,,4716.96,5413.96,,5413.96
2016,5,22300,,,,2716.22,,2716.22,4706.4302,,4706.4302,5403.4302,,5403.4302
2016,5,22350,,,,2708.23,,2708.23,4695.8999,,4695.8999,5392.8999,,5392.8999
2016,5,22400,,,,2700.24,,2700.24,4685.3701,,4685.3701,5382.3701,,5382.3701
2016,5,22450,,,,2692.25,,2692.25,4674.8398,,4674.8398,5371.8398,,5371.8398
2016,5,22500,,,,2684.26,,2684.26,4664.3101,,4664.3101,5361.3101,,5361.3101
2016,5,22550,,,,2676.27,,2676.27,4653.7798,,4653.7798,5350.7798,,5350.7798
2016,5,22600,,,,2668.28,,2668.28,4643.25,,4643.25,5340.25,,5340.25
2016,5,22650,,,,2660.29,,2660.29,4632.7202,,4632.7202,5329.7202,,5329.7202
2016,5,22700,,,,2652.3,,2652.3,4622.1899,,4622.1899,5319.1899,,5319.1899
2016,5,22750,,,,2644.3101,,2644.3101,4611.6602,,4611.6602,5308.6602,,5308.6602
2016,5,22800,,,,2636.3201,,2636.3201,4601.1299,,4601.1299,5298.1299,,5298.1299
2016,5,22850,,,,2628.3301,,2628.3301,4590.6001,,4590.6001,5287.6001,,5287.6001
2016,5,22900,,,,2620.3401,,2620.3401,4580.0698,,4580.0698,5277.0698,,5277.0698
2016,5,22950,,,,2612.3501,,2612.3501,4569.54,,4569.54,5266.54,,5266.54
2016,5,23000,,,,2604.3601,,2604.3601,4559.0098,,4559.0098,5256.0098,,5256.0098
2016,5,23050,,,,2596.3701,,2596.3701,4548.48,,4548.48,5245.48,,5245.48
2016,5,23100,,,,2588.3799,,2588.3799,4537.9502,,4537.9502,5234.9502,,5234.9502
2016,5,23150,,,,2580.3899,,2580.3899,4527.4199,,4527.4199,5224.4199,,5224.4199
2016,5,23200,,,,2572.3999,,2572.3999,4516.8901,,4516.8901,5213.8901,,5213.8901
2016,5,23250,,,,2564.4099,,2564.4099,4506.3599,,4506.3599,5203.3599,,5203.3599
2016,5,23300,,,,2556.4199,,2556.4199,4495.8301,,4495.8301,5192.8301,,5192.8301
2016,5,23350,,,,2548.4299,,2548.4299,4485.2998,,4485.2998,5182.2998,,5182.2998
2016,5,23400,,,,2540.4399,,2540.4399,4474.77,,4474.77,5171.77,,5171.77
2016,5,23450,,,,2532.45,,2532.45,4464.2402,,4464.2402,5161.2402,,5161.2402
2016,5,23500,,,,2524.46,,2524.46,4453.71,,4453.71,5150.71,,5150.71
2016,5,23550,,,,2516.47,,2516.47,4443.1802,,4443.1802,5140.1802,,5140.1802
2016,5,23600,,,,2508.48,,2508.48,4432.6499,,4432.6499,5129.6499,,5129.6499
2016,5,23650,,,,2500.49,,2500.49,4422.1201,,4422.1201,5119.1201,,5119.1201
2016,5,23700,,,,2492.5,,2492.5,4411.5898,,4411.5898,5108.5898,,5108.5898
2016,5,23750,,,,2484.51,,2484.51,4401.0601,,4401.0601,5098.0601,,5098.0601
2016,5,23800,,,,2476.52,,2476.52,4390.5298,,4390.5298,5087.5298,,5087.5298
2016,5,23850,,,,2468.53,,2468.53,4380,,4380,5077,,5077
2016,5,23900,,,,2460.54,,2460.54,4369.4702,,4369.4702,5066.4702,,5066.4702
2016,5,23950,,,,2452.55,,2452.55,4358.9399,,4358.9399,5055.9399,,5055.9399
2016,5,24000,,,,2444.5601,,2444.5601,4348.4102,,4348.4102,5045.4102,,5045.4102
2016,5,24050,,,,2436.5701,,2436.5701,4337.8799,,4337.8799,5034.8799,,5034.8799
2016,5,24100,,,,2428.5801,,2428.5801,4327.3501,,4327.3501,5024.3501,,5024.3501
2016,5,24150,,,,2420.5901,,2420.5901,4316.8198,,4316.8198,5013.8198,,5013.8198
2016,5,24200,,,,2412.6001,,2412.6001,4306.29,,4306.29,5003.29,,5003.29
2016,5,24250,,,,2404.6101,,2404.6101,4295.7598,,4295.7598,4992.7598,,4992.7598
2016,5,24300,,,,2396.6201,,2396.6201,4285.23,,4285.23,4982.23,,4982.23
2016,5,24350,,,,2388.6299,,2388.6299,4274.7002,,4274.7002,4971.7002,,4971.7002
2016,5,24400,,,,2380.6399,,2380.6399,4264.1699,,4264.1699,4961.1699,,4961.1699
2016,5,24450,,,,2372.6499,,2372.6499,4253.6401,,4253.6401,4950.6401,,4950.6401
2016,5,24500,,,,2364.6599,,2364.6599,4243.1099,,4243.1099,4940.1099,,4940.1099
2016,5,24550,,,,2356.6699,,2356.6699,4232.5801,,4232.5801,4929.5801,,4929.5801
2016,5,24600,,,,2348.6799,,2348.6799,4222.0498,,4222.0498,4919.0498,,4919.0498
2016,5,24650,,,,2340.6899,,2340.6899,4211.52,,4211.52,4908.52,,4908.52
2016,5,24700,,,,2332.7,,2332.7,4200.9902,,4200.9902,4897.9902,,4897.9902
2016,5,24750,,,,2324.71,,2324.71,4190.46,,4190.46,4887.46,,4887.46
2016,5,24800,,,,2316.72,,2316.72,4179.9302,,4179.9302,4876.9302,,4876.9302
2016,5,24850,,,,2308.73,,2308.73,4169.3999,,4169.3999,4866.3999,,4866.3999
2016,5,24900,,,,2300.74,,2300.74,4158.8701,,4158.8701,4855.8701,,4855.8701
2016,5,24950,,,,2292.75,,2292.75,4148.3398,,4148.3398,4845.3398,,4845.3398
2016,5,25000,,,,2284.76,,2284.76,4137.8101,,4137.8101,4834.8101,,4834.8101
2016,5,25050,,,,2276.77,,2276.77,4127.2798,,4127.2798,4824.2798,,4824.2798
2016,5,25100,,,,2268.78,,2268.78,4116.75,,4116.75,4813.75,,4813.75
2016,5,25150,,,,2260.79,,2260.79,4106.2202,,4106.2202,4803.2202,,4803.2202
2016,5,25200,,,,2252.8,,2252.8,4095.6899,,4095.6899,4792.6899,,4792.6899
2016,5,25250,,,,2244.8101,,2244.8101,4085.1599,,4085.1599,4782.1602,,4782.1602
2016,5,25300,,,,2236.8201,,2236.8201,4074.6299,,4074.6299,4771.6299,,4771.6299
2016,5,25350,,,,2228.8301,,2228.8301,4064.1001,,4064.1001,4761.1001,,4761.1001
2016,5,25400,,,,2220.8401,,2220.8401,4053.5701,,4053.5701,4750.5698,,4750.5698
2016,5,25450,,,,2212.8501,,2212.8501,4043.04,,4043.04,4740.04,,4740.04
2016,5,25500,,,,2204.8601,,2204.8601,4032.51,,4032.51,4729.5098,,4729.5098
2016,5,25550,,,,2196.8701,,2196.8701,4021.98,,4021.98,4718.98,,4718.98
2016,5,25600,,,,2188.8799,,2188.8799,4011.45,,4011.45,4708.4502,,4708.4502
2016,5,25650,,,,2180.8899,,2180.8899,4000.9199,,4000.9199,4697.9199,,4697.9199
2016,5,25700,,,,2172.8999,,2172.8999,3990.3899,,3990.3899,4687.3901,,4687.3901
2016,5,25750,,,,2164.9099,,2164.9099,3979.8601,,3979.8601,4676.8599,,4676.8599
2016,5,25800,,,,2156.9199,,2156.9199,3969.3301,,3969.3301,4666.3301,,4666.3301
2016,5,25850,,,,2148.9299,,2148.9299,3958.8,,3958.8,4655.7998,,4655.7998
2016,5,25900,,,,2140.9399,,2140.9399,3948.27,,3948.27,4645.27,,4645.27
2016,5,25950,,,,2132.95,,2132.95,3937.74,,3937.74,4634.7402,,4634.7402
2016,5,26000,,,,2124.96,,2124.96,3927.21,,3927.21,4624.21,,4624.21
2016,5,26050,,,,2116.97,,2116.97,3916.6799,,3916.6799,4613.6802,,4613.6802
2016,5,26100,,,,2108.98,,2108.98,3906.1499,,3906.1499,4603.1499,,4603.1499
2016,5,26150,,,,2100.99,,2100.99,3895.6201,,3895.6201,4592.6201,,4592.6201
2016,5,26200,,,,2093,,2093,3885.0901,,3885.0901,4582.0898,,4582.0898
2016,5,26250,,,,2085.01,,2085.01,3874.5601,,3874.5601,4571.5601,,4571.5601
2016,5,26300,,,,2077.02,,2077.02,3864.03,,3864.03,4561.0298,,4561.0298
2016,5,26350,,,,2069.03,,2069.03,3853.5,,3853.5,4550.5,,4550.5
2016,5,26400,,,,2061.04,,2061.04,3842.97,,3842.97,4539.9702,,4539.9702
2016,5,26450,,,,2053.05,,2053.05,3832.4399,,3832.4399,4529.4399,,4529.4399
2016,5,26500,,,,2045.0601,,2045.0601,3821.9099,,3821.9099,4518.9102,,4518.9102
2016,5,26550,,,,2037.0699,,2037.0699,3811.3799,,3811.3799,4508.3799,,4508.3799
2016,5,26600,,,,2029.08,,2029.08,3800.8501,,3800.8501,4497.8501,,4497.8501
2016,5,26650,,,,2021.09,,2021.09,3790.3201,,3790.3201,4487.3198,,4487.3198
2016,5,26700,,,,2013.1,,2013.1,3779.79,,3779.79,4476.79,,4476.79
2016,5,26750,,,,2005.11,,2005.11,3769.26,,3769.26,4466.2598,,4466.2598
2016,5,26800,,,,1997.12,,1997.12,3758.73,,3758.73,4455.73,,4455.73
2016,5,26850,,,,1989.13,,1989.13,3748.2,,3748.2,4445.2002,,4445.2002
2016,5,26900,,,,1981.14,,1981.14,3737.6699,,3737.6699,4434.6699,,4434.6699
2016,5,26950,,,,1973.15,,1973.15,3727.1399,,3727.1399,4424.1401,,4424.1401
2016,5,27000,,,,1965.16,,1965.16,3716.6101,,3716.6101,4413.6099,,4413.6099
2016,5,27050,,,,1957.17,,1957.17,3706.0801,,3706.0801,4403.0801,,4403.0801
2016,5,27100,,,,1949.1801,,1949.1801,3695.55,,3695.55,4392.5498,,4392.5498
2016,5,27150,,,,1941.1899,,1941.1899,3685.02,,3685.02,4382.02,,4382.02
2016,5,27200,,,,1933.2,,1933.2,3674.49,,3674.49,4371.4902,,4371.4902
2016,5,27250,,,,1925.21,,1925.21,3663.96,,3663.96,4360.96,,4360.96
2016,5,27300,,,,1917.22,,1917.22,3653.4299,,3653.4299,4350.4302,,4350.4302
2016,5,27350,,,,1909.23,,1909.23,3642.8999,,3642.8999,4339.8999,,4339.8999
2016,5,27400,,,,1901.24,,1901.24,3632.3701,,3632.3701,4329.3701,,4329.3701
2016,5,27450,,,,1893.25,,1893.25,3621.8401,,3621.8401,4318.8398,,4318.8398
2016,5,27500,,,,1885.26,,1885.26,3611.3101,,3611.3101,4308.3101,,4308.3101
2016,5,27550,,,,1877.27,,1877.27,3600.78,,3600.78,4297.7798,,4297.7798
2016,5,27600,,,,1869.28,,1869.28,3590.25,,3590.25,4287.25,,4287.25
2016,5,27650,,,,1861.29,,1861.29,3579.72,,3579.72,4276.7202,,4276.7202
2016,5,27700,,,,1853.3,,1853.3,3569.1899,,3569.1899,4266.1899,,4266.1899
2016,5,27750,,,,1845.3101,,1845.3101,3558.6599,,3558.6599,4255.6602,,4255.6602
2016,5,27800,,,,1837.3199,,1837.3199,3548.1299,,3548.1299,4245.1299,,4245.1299
2016,5,27850,,,,1829.33,,1829.33,3537.6001,,3537.6001,4234.6001,,4234.6001
2016,5,27900,,,,1821.34,,1821.34,3527.0701,,3527.0701,4224.0698,,4224.0698
2016,5,27950,,,,1813.35,,1813.35,3516.54,,3516.54,4213.54,,4213.54
2016,5,28000,,,,1805.36,,1805.36,3506.01,,3506.01,4203.0098,,4203.0098
2016,5,28050,,,,1797.37,,1797.37,3495.48,,3495.48,4192.48,,4192.48
2016,5,28100,,,,1789.38,,1789.38,3484.95,,3484.95,4181.9502,,4181.9502
2016,5,28150,,,,1781.39,,1781.39,3474.4199,,3474.4199,4171.4199,,4171.4199
2016,5,28200,,,,1773.4,,1773.4,3463.8899,,3463.8899,4160.8901,,4160.8901
2016,5,28250,,,,1765.41,,1765.41,3453.3601,,3453.3601,4150.3599,,4150.3599
2016,5,28300,,,,1757.42,,1757.42,3442.8301,,3442.8301,4139.8301,,4139.8301
2016,5,28350,,,,1749.4301,,1749.4301,3432.3,,3432.3,4129.2998,,4129.2998
2016,5,28400,,,,1741.4399,,1741.4399,3421.77,,3421.77,4118.77,,4118.77
2016,5,28450,,,,1733.45,,1733.45,3411.24,,3411.24,4108.2402,,4108.2402
2016,5,28500,,,,1725.46,,1725.46,3400.71,,3400.71,4097.71,,4097.71
2016,5,28550,,,,1717.47,,1717.47,3390.1799,,3390.1799,4087.1799,,4087.1799
2016,5,28600,,,,1709.48,,1709.48,3379.6499,,3379.6499,4076.6499,,4076.6499
2016,5,28650,,,,1701.49,,1701.49,3369.1201,,3369.1201,4066.1201,,4066.1201
2016,5,28700,,,,1693.5,,1693.5,3358.5901,,3358.5901,4055.5901,,4055.5901
2016,5,28750,,,,1685.51,,1685.51,3348.0601,,3348.0601,4045.0601,,4045.0601
2016,5,28800,,,,1677.52,,1677.52,3337.53,,3337.53,4034.53,,4034.53
2016,5,28850,,,,1669.53,,1669.53,3327,,3327,4024,,4024
2016,5,28900,,,,1661.54,,1661.54,3316.47,,3316.47,4013.47,,4013.47
2016,5,28950,,,,1653.55,,1653.55,3305.9399,,3305.9399,4002.9399,,4002.9399
2016,5,29000,,,,1645.5601,,1645.5601,3295.4099,,3295.4099,3992.4099,,3992.4099
2016,5,29050,,,,1637.5699,,1637.5699,3284.8799,,3284.8799,3981.8799,,3981.8799
2016,5,29100,,,,1629.58,,1629.58,3274.3501,,3274.3501,3971.3501,,3971.3501
2016,5,29150,,,,1621.59,,1621.59,3263.8201,,3263.8201,3960.8201,,3960.8201
2016,5,29200,,,,1613.6,,1613.6,3253.29,,3253.29,3950.29,,3950.29
2016,5,29250,,,,1605.61,,1605.61,3242.76,,3242.76,3939.76,,3939.76
2016,5,29300,,,,1597.62,,1597.62,3232.23,,3232.23,3929.23,,3929.23
2016,5,29350,,,,1589.63,,1589.63,3221.7,,3221.7,3918.7,,3918.7
2016,5,29400,,,,1581.64,,1581.64,3211.1699,,3211.1699,3908.1699,,3908.1699
2016,5,29450,,,,1573.65,,1573.65,3200.6399,,3200.6399,3897.6399,,3897.6399
2016,5,29500,,,,1565.66,,1565.66,3190.1101,,3190.1101,3887.1101,,3887.1101
2016,5,29550,,,,1557.67,,1557.67,3179.5801,,3179.5801,3876.5801,,3876.5801
2016,5,29600,,,,1549.6801,,1549.6801,3169.05,,3169.05,3866.05,,3866.05
2016,5,29650,,,,1541.6899,,1541.6899,3158.52,,3158.52,3855.52,,3855.52
2016,5,29700,,,,1533.7,,1533.7,3147.99,,3147.99,3844.99,,3844.99
2016,5,29750,,,,1525.71,,1525.71,3137.46,,3137.46,3834.46,,3834.46
2016,5,29800,,,,1517.72,,1517.72,3126.9299,,3126.9299,3823.9299,,3823.9299
2016,5,29850,,,,1509.73,,1509.73,3116.3999,,3116.3999,3813.3999,,3813.3999
2016,5,29900,,,,1501.74,,1501.74,3105.8701,,3105.8701,3802.8701,,3802.8701
2016,5,29950,,,,1493.75,,1493.75,3095.3401,,3095.3401,3792.3401,,3792.3401
2016,5,30000,,,,1485.76,,1485.76,3084.8101,,3084.8101,3781.8101,,3781.8101
2016,5,30050,,,,1477.77,,1477.77,3074.28,,3074.28,3771.28,,3771.28
2016,5,30100,,,,1469.78,,1469.78,3063.75,,3063.75,3760.75,,3760.75
2016,5,30150,,,,1461.79,,1461.79,3053.22,,3053.22,3750.22,,3750.22
2016,5,30200,,,,1453.8,,1453.8,3042.6899,,3042.6899,3739.6899,,3739.6899
2016,5,30250,,,,1445.8101,,1445.8101,3032.1599,,3032.1599,3729.1599,,3729.1599
2016,5,30300,,,,1437.8199,,1437.8199,3021.6299,,3021.6299,3718.6299,,3718.6299
2016,5,30350,,,,1429.83,,1429.83,3011.1001,,3011.1001,3708.1001,,3708.1001
2016,5,30400,,,,1421.84,,1421.84,3000.5701,,3000.5701,3697.5701,,3697.5701
2016,5,30450,,,,1413.85,,1413.85,2990.04,,2990.04,3687.04,,3687.04
2016,5,30500,,,,1405.86,,1405.86,2979.51,,2979.51,3676.51,,3676.51
2016,5,30550,,,,1397.87,,1397.87,2968.98,,2968.98,3665.98,,3665.98
2016,5,30600,,,,1389.88,,1389.88,2958.45,,2958.45,3655.45,,3655.45
2016,5,30650,,,,1381.89,,1381.89,2947.9199,,2947.9199,3644.9199,,3644.9199
2016,5,30700,,,,1373.9,,1373.9,2937.3899,,2937.3899,3634.3899,,3634.3899
2016,5,30750,,,,1365.91,,1365.91,2926.8601,,2926.8601,3623.8601,,3623.8601
2016,5,30800,,,,1357.92,,1357.92,2916.3301,,2916.3301,3613.3301,,3613.3301
2016,5,30850,,,,1349.9301,,1349.9301,2905.8,,2905.8,3602.8,,3602.8
2016,5,30900,,,,1341.9399,,1341.9399,2895.27,,2895.27,3592.27,,3592.27
2016,5,30950,,,,1333.95,,1333.95,2884.74,,2884.74,3581.74,,3581.74
2016,5,31000,,,,1325.96,,1325.96,2874.21,,2874.21,3571.21,,3571.21
2016,5,31050,,,,1317.97,,1317.97,2863.6799,,2863.6799,3560.6799,,3560.6799
2016,5,31100,,,,1309.98,,1309.98,2853.1499,,2853.1499,3550.1499,,3550.1499
2016,5,31150,,,,1301.99,,1301.99,2842.6201,,2842.6201,3539.6201,,3539.6201
2016,5,31200,,,,1294,,1294,2832.0901,,2832.0901,3529.0901,,3529.0901
2016,5,31250,,,,1286.01,,1286.01,2821.5601,,2821.5601,3518.5601,,3518.5601
2016,5,31300,,,,1278.02,,1278.02,2811.03,,2811.03,3508.03,,3508.03
2016,5,31350,,,,1270.03,,1270.03,2800.5,,2800.5,3497.5,,3497.5
2016,5,31400,,,,1262.04,,1262.04,2789.97,,2789.97,3486.97,,3486.97
2016,5,31450,,,,1254.05,,1254.05,2779.4399,,2779.4399,3476.4399,,3476.4399
2016,5,31500,,,,1246.0601,,1246.0601,2768.9099,,2768.9099,3465.9099,,3465.9099
2016,5,31550,,,,1238.0699,,1238.0699,2758.3799,,2758.3799,3455.3799,,3455.3799
2016,5,31600,,,,1230.08,,1230.08,2747.8501,,2747.8501,3444.8501,,3444.8501
2016,5,31650,,,,1222.09,,1222.09,2737.3201,,2737.3201,3434.3201,,3434.3201
2016,5,31700,,,,1214.1,,1214.1,2726.79,,2726.79,3423.79,,3423.79
2016,5,31750,,,,1206.11,,1206.11,2716.26,,2716.26,3413.26,,3413.26
2016,5,31800,,,,1198.12,,1198.12,2705.73,,2705.73,3402.73,,3402.73
2016,5,31850,,,,1190.13,,1190.13,2695.2,,2695.2,3392.2,,3392.2
2016,5,31900,,,,1182.14,,1182.14,2684.6699,,2684.6699,3381.6699,,3381.6699
2016,5,31950,,,,1174.15,,1174.15,2674.1399,,2674.1399,3371.1399,,3371.1399
2016,5,32000,,,,1166.16,,1166.16,2663.6101,,2663.6101,3360.6101,,3360.6101
2016,5,32050,,,,1158.17,,1158.17,2653.0801,,2653.0801,3350.0801,,3350.0801
2016,5,32100,,,,1150.1801,,1150.1801,2642.55,,2642.55,3339.55,,3339.55
2016,5,32150,,,,1142.1899,,1142.1899,2632.02,,2632.02,3329.02,,3329.02
2016,5,32200,,,,1134.2,,1134.2,2621.49,,2621.49,3318.49,,3318.49
2016,5,32250,,,,1126.21,,1126.21,2610.96,,2610.96,3307.96,,3307.96
2016,5,32300,,,,1118.22,,1118.22,2600.4299,,2600.4299,3297.4299,,3297.4299
2016,5,32350,,,,1110.23,,1110.23,2589.8999,,2589.8999,3286.8999,,3286.8999
2016,5,32400,,,,1102.24,,1102.24,2579.3701,,2579.3701,3276.3701,,3276.3701
2016,5,32450,,,,1094.25,,1094.25,2568.8401,,2568.8401,3265.8401,,3265.8401
2016,5,32500,,,,1086.26,,1086.26,2558.3101,,2558.3101,3255.3101,,3255.3101
2016,5,32550,,,,1078.27,,1078.27,2547.78,,2547.78,3244.78,,3244.78
2016,5,32600,,,,1070.28,,1070.28,2537.25,,2537.25,3234.25,,3234.25
2016,5,32650,,,,1062.29,,1062.29,2526.72,,2526.72,3223.72,,3223.72
2016,5,32700,,,,1054.3,,1054.3,2516.1899,,2516.1899,3213.1899,,3213.1899
2016,5,32750,,,,1046.3101,,1046.3101,2505.6599,,2505.6599,3202.6599,,3202.6599
2016,5,32800,,,,1038.3199,,1038.3199,2495.1299,,2495.1299,3192.1299,,3192.1299
2016,5,32850,,,,1030.33,,1030.33,2484.6001,,2484.6001,3181.6001,,3181.6001
2016,5,32900,,,,1022.34,,1022.34,2474.0701,,2474.0701,3171.0701,,3171.0701
2016,5,32950,,,,1014.35,,1014.35,2463.54,,2463.54,3160.54,,3160.54
2016,5,33000,,,,1006.36,,1006.36,2453.01,,2453.01,3150.01,,3150.01
2016,5,33050,,,,998.37,,998.37,2442.48,,2442.48,3139.48,,3139.48
2016,5,33100,,,,990.38,,990.38,2431.95,,2431.95,3128.95,,3128.95
2016,5,33150,,,,982.39001,,982.39001,2421.4199,,2421.4199,3118.4199,,3118.4199
2016,5,33200,,,,974.40002,,974.40002,2410.8899,,2410.8899,3107.8899,,3107.8899
2016,5,33250,,,,966.40997,,966.40997,2400.3601,,2400.3601,3097.3601,,3097.3601
2016,5,33300,,,,958.41998,,958.41998,2389.8301,,2389.8301,3086.8301,,3086.8301
2016,5,33350,,,,950.42999,,950.42999,2379.3,,2379.3,3076.3,,3076.3
2016,5,33400,,,,942.44,,942.44,2368.77,,2368.77,3065.77,,3065.77
2016,5,33450,,,,934.45001,,934.45001,2358.24,,2358.24,3055.24,,3055.24
2016,5,33500,,,,926.46002,,926.46002,2347.71,,2347.71,3044.71,,3044.71
2016,5,33550,,,,918.46997,,918.46997,2337.1799,,2337.1799,3034.1799,,3034.1799
2016,5,33600,,,,910.47998,,910.47998,2326.6499,,2326.6499,3023.6499,,3023.6499
2016,5,33650,,,,902.48999,,902.48999,2316.1201,,2316.1201,3013.1201,,3013.1201
2016,5,33700,,,,894.5,,894.5,2305.5901,,2305.5901,3002.5901,,3002.5901
2016,5,33750,,,,886.51001,,886.51001,2295.0601,,2295.0601,2992.0601,,2992.0601
2016,5,33800,,,,878.52002,,878.52002,2284.53,,2284.53,2981.53,,2981.53
2016,5,33850,,,,870.53003,,870.53003,2274,,2274,2971,,2971
2016,5,33900,,,,862.53998,,862.53998,2263.47,,2263.47,2960.47,,2960.47
2016,5,33950,,,,854.54999,,854.54999,2252.9399,,2252.9399,2949.9399,,2949.9399
2016,5,34000,,,,846.56,,846.56,2242.4099,,2242.4099,2939.4099,,2939.4099
2016,5,34050,,,,838.57001,,838.57001,2231.8799,,2231.8799,2928.8799,,2928.8799
2016,5,34100,,,,830.58002,,830.58002,2221.3501,,2221.3501,2918.3501,,2918.3501
2016,5,34150,,,,822.59003,,822.59003,2210.8201,,2210.8201,2907.8201,,2907.8201
2016,5,34200,,,,814.59998,,814.59998,2200.29,,2200.29,2897.29,,2897.29
2016,5,34250,,,,806.60999,,806.60999,2189.76,,2189.76,2886.76,,2886.76
2016,5,34300,,,,798.62,,798.62,2179.23,,2179.23,2876.23,,2876.23
2016,5,34350,,,,790.63,,790.63,2168.7,,2168.7,2865.7,,2865.7
2016,5,34400,,,,782.64001,,782.64001,2158.1699,,2158.1699,2855.1699,,2855.1699
2016,5,34450,,,,774.65002,,774.65002,2147.6399,,2147.6399,2844.6399,,2844.6399
2016,5,34500,,,,766.65997,,766.65997,2137.1101,,2137.1101,2834.1101,,2834.1101
2016,5,34550,,,,758.66998,,758.66998,2126.5801,,2126.5801,2823.5801,,2823.5801
2016,5,34600,,,,750.67999,,750.67999,2116.05,,2116.05,2813.05,,2813.05
2016,5,34650,,,,742.69,,742.69,2105.52,,2105.52,2802.52,,2802.52
2016,5,34700,,,,734.70001,,734.70001,2094.99,,2094.99,2791.99,,2791.99
2016,5,34750,,,,726.71002,,726.71002,2084.46,,2084.46,2781.46,,2781.46
2016,5,34800,,,,718.71997,,718.71997,2073.9299,,2073.9299,2770.9299,,2770.9299
2016,5,34850,,,,710.72998,,710.72998,2063.3999,,2063.3999,2760.3999,,2760.3999
2016,5,34900,,,,702.73999,,702.73999,2052.8701,,2052.8701,2749.8701,,2749.8701
2016,5,34950,,,,694.75,,694.75,2042.34,,2042.34,2739.3401,,2739.3401
2016,5,35000,,,,686.76001,,686.76001,2031.8101,,2031.8101,2728.8101,,2728.8101
2016,5,35050,,,,678.77002,,678.77002,2021.28,,2021.28,2718.28,,2718.28
2016,5,35100,,,,670.78003,,670.78003,2010.75,,2010.75,2707.75,,2707.75
2016,5,35150,,,,662.78998,,662.78998,2000.22,,2000.22,2697.22,,2697.22
2016,5,35200,,,,654.79999,,654.79999,1989.6899,,1989.6899,2686.6899,,2686.6899
2016,5,35250,,,,646.81,,646.81,1979.16,,1979.16,2676.1599,,2676.1599
2016,5,35300,,,,638.82001,,638.82001,1968.63,,1968.63,2665.6299,,2665.6299
2016,5,35350,,,,630.83002,,630.83002,1958.1,,1958.1,2655.1001,,2655.1001
2016,5,35400,,,,622.84003,,622.84003,1947.5699,,1947.5699,2644.5701,,2644.5701
2016,5,35450,,,,614.84998,,614.84998,1937.04,,1937.04,2634.04,,2634.04
2016,5,35500,,,,606.85999,,606.85999,1926.51,,1926.51,2623.51,,2623.51
2016,5,35550,,,,598.87,,598.87,1915.98,,1915.98,2612.98,,2612.98
2016,5,35600,,,,590.88,,590.88,1905.45,,1905.45,2602.45,,2602.45
2016,5,35650,,,,582.89001,,582.89001,1894.92,,1894.92,2591.9199,,2591.9199
2016,5,35700,,,,574.90002,,574.90002,1884.39,,1884.39,2581.3899,,2581.3899
2016,5,35750,,,,566.90997,,566.90997,1873.86,,1873.86,2570.8601,,2570.8601
2016,5,35800,,,,558.91998,,558.91998,1863.33,,1863.33,2560.3301,,2560.3301
2016,5,35850,,,,550.92999,,550.92999,1852.8,,1852.8,2549.8,,2549.8
2016,5,35900,,,,542.94,,542.94,1842.27,,1842.27,2539.27,,2539.27
2016,5,35950,,,,534.95001,,534.95001,1831.74,,1831.74,2528.74,,2528.74
2016,5,36000,,,,526.96002,,526.96002,1821.21,,1821.21,2518.21,,2518.21
2016,5,36050,,,,518.96997,,518.96997,1810.6801,,1810.6801,2507.6799,,2507.6799
2016,5,36100,,,,510.98001,,510.98001,1800.15,,1800.15,2497.1499,,2497.1499
2016,5,36150,,,,502.98999,,502.98999,1789.62,,1789.62,2486.6201,,2486.6201
2016,5,36200,,,,495,,495,1779.09,,1779.09,2476.0901,,2476.0901
2016,5,36250,,,,487.01001,,487.01001,1768.5601,,1768.5601,2465.5601,,2465.5601
2016,5,36300,,,,479.01999,,479.01999,1758.03,,1758.03,2455.03,,2455.03
2016,5,36350,,,,471.03,,471.03,1747.5,,1747.5,2444.5,,2444.5
2016,5,36400,,,,463.04001,,463.04001,1736.97,,1736.97,2433.97,,2433.97
2016,5,36450,,,,455.04999,,455.04999,1726.4399,,1726.4399,2423.4399,,2423.4399
2016,5,36500,,,,447.06,,447.06,1715.91,,1715.91,2412.9099,,2412.9099
2016,5,36550,,,,439.07001,,439.07001,1705.38,,1705.38,2402.3799,,2402.3799
2016,5,36600,,,,431.07999,,431.07999,1694.85,,1694.85,2391.8501,,2391.8501
2016,5,36650,,,,423.09,,423.09,1684.3199,,1684.3199,2381.3201,,2381.3201
2016,5,36700,,,,415.10001,,415.10001,1673.79,,1673.79,2370.79,,2370.79
2016,5,36750,,,,407.10999,,407.10999,1663.26,,1663.26,2360.26,,2360.26
2016,5,36800,,,,399.12,,399.12,1652.73,,1652.73,2349.73,,2349.73
2016,5,36850,,,,391.13,,391.13,1642.2,,1642.2,2339.2,,2339.2
2016,5,36900,,,,383.14001,,383.14001,1631.67,,1631.67,2328.6699,,2328.6699
2016,5,36950,,,,375.14999,,375.14999,1621.14,,1621.14,2318.1399,,2318.1399
2016,5,37000,,,,367.16,,367.16,1610.61,,1610.61,2307.6101,,2307.6101
2016,5,37050,,,,359.17001,,359.17001,1600.08,,1600.08,2297.0801,,2297.0801
2016,5,37100,,,,351.17999,,351.17999,1589.55,,1589.55,2286.55,,2286.55
2016,5,37150,,,,343.19,,343.19,1579.02,,1579.02,2276.02,,2276.02
2016,5,37200,,,,335.20001,,335.20001,1568.49,,1568.49,2265.49,,2265.49
2016,5,37250,,,,327.20999,,327.20999,1557.96,,1557.96,2254.96,,2254.96
2016,5,37300,,,,319.22,,319.22,1547.4301,,1547.4301,2244.4299,,2244.4299
2016,5,37350,,,,311.23001,,311.23001,1536.9,,1536.9,2233.8999,,2233.8999
2016,5,37400,,,,303.23999,,303.23999,1526.37,,1526.37,2223.3701,,2223.3701
2016,5,37450,,,,295.25,,295.25,1515.84,,1515.84,2212.8401,,2212.8401
2016,5,37500,,,,287.26001,,287.26001,1505.3101,,1505.3101,2202.3101,,2202.3101
2016,5,37550,,,,279.26999,,279.26999,1494.78,,1494.78,2191.78,,2191.78
2016,5,37600,,,,271.28,,271.28,1484.25,,1484.25,2181.25,,2181.25
2016,5,37650,,,,263.29001,,263.29001,1473.72,,1473.72,2170.72,,2170.72
2016,5,37700,,,,255.3,,255.3,1463.1899,,1463.1899,2160.1899,,2160.1899
2016,5,37750,,,,247.31,,247.31,1452.66,,1452.66,2149.6599,,2149.6599
2016,5,37800,,,,239.32001,,239.32001,1442.13,,1442.13,2139.1299,,2139.1299
2016,5,37850,,,,231.33,,231.33,1431.6,,1431.6,2128.6001,,2128.6001
2016,5,37900,,,,223.34,,223.34,1421.0699,,1421.0699,2118.0701,,2118.0701
2016,5,37950,,,,215.35001,,215.35001,1410.54,,1410.54,2107.54,,2107.54
2016,5,38000,,,,207.36,,207.36,1400.01,,1400.01,2097.01,,2097.01
2016,5,38050,,,,199.37,,199.37,1389.48,,1389.48,2086.48,,2086.48
2016,5,38100,,,,191.38,,191.38,1378.95,,1378.95,2075.95,,2075.95
2016,5,38150,,,,183.39,,183.39,1368.42,,1368.42,2065.4199,,2065.4199
2016,5,38200,,,,175.39999,,175.39999,1357.89,,1357.89,2054.8899,,2054.8899
2016,5,38250,,,,167.41,,167.41,1347.36,,1347.36,2044.36,,2044.36
2016,5,38300,,,,159.42,,159.42,1336.83,,1336.83,2033.83,,2033.83
2016,5,38350,,,,151.42999,,151.42999,1326.3,,1326.3,2023.3,,2023.3
2016,5,38400,,,,143.44,,143.44,1315.77,,1315.77,2012.77,,2012.77
2016,5,38450,,,,135.45,,135.45,1305.24,,1305.24,2002.24,,2002.24
2016,5,38500,,,,127.46,,127.46,1294.71,,1294.71,1991.71,,1991.71
2016,5,38550,,,,119.47,,119.47,1284.1801,,1284.1801,1981.1801,,1981.1801
2016,5,38600,,,,111.48,,111.48,1273.65,,1273.65,1970.65,,1970.65
2016,5,38650,,,,103.49,,103.49,1263.12,,1263.12,1960.12,,1960.12
2016,5,38700,,,,95.5,,95.5,1252.59,,1252.59,1949.59,,1949.59
2016,5,38750,,,,87.510002,,87.510002,1242.0601,,1242.0601,1939.0601,,1939.0601
2016,5,38800,,,,79.519997,,79.519997,1231.53,,1231.53,1928.53,,1928.53
2016,5,38850,,,,71.529999,,71.529999,1221,,1221,1918,,1918
2016,5,38900,,,,63.540001,,63.540001,1210.47,,1210.47,1907.47,,1907.47
2016,5,38950,,,,55.549999,,55.549999,1199.9399,,1199.9399,1896.9399,,1896.9399
2016,5,39000,,,,47.560001,,47.560001,1189.41,,1189.41,1886.41,,1886.41
2016,5,39050,,,,39.57,,39.57,1178.88,,1178.88,1875.88,,1875.88
2016,5,39100,,,,31.58,,31.58,1168.35,,1168.35,1865.35,,1865.35
2016,5,39150,,,,23.59,,23.59,1157.8199,,1157.8199,1854.8199,,1854.8199
2016,5,39200,,,,15.6,,15.6,1147.29,,1147.29,1844.29,,1844.29
2016,5,39250,,,,7.6100001,,7.6100001,1136.76,,1136.76,1833.76,,1833.76
2016,5,39300,,,,,,,1126.23,,1126.23,1823.23,,1823.23
2016,5,39350,,,,,,,1115.7,,1115.7,1812.7,,1812.7
2016,5,39400,,,,,,,1105.17,,1105.17,1802.17,,1802.17
2016,5,39450,,,,,,,1094.64,,1094.64,1791.64,,1791.64
2016,5,39500,,,,,,,1084.11,,1084.11,1781.11,,1781.11
2016,5,39550,,,,,,,1073.58,,1073.58,1770.58,,1770.58
2016,5,39600,,,,,,,1063.05,,1063.05,1760.05,,1760.05
2016,5,39650,,,,,,,1052.52,,1052.52,1749.52,,1749.52
2016,5,39700,,,,,,,1041.99,,1041.99,1738.99,,1738.99
2016,5,39750,,,,,,,1031.46,,1031.46,1728.46,,1728.46
2016,5,39800,,,,,,,1020.93,,1020.93,1717.9301,,1717.9301
2016,5,39850,,,,,,,1010.4,,1010.4,1707.4,,1707.4
2016,5,39900,,,,,,,999.87,,999.87,1696.87,,1696.87
2016,5,39950,,,,,,,989.34003,,989.34003,1686.34,,1686.34
2016,5,40000,,,,,,,978.81,,978.81,1675.8101,,1675.8101
2016,5,40050,,,,,,,968.28003,,968.28003,1665.28,,1665.28
2016,5,40100,,,,,,,957.75,,957.75,1654.75,,1654.75
2016,5,40150,,,,,,,947.21997,,947.21997,1644.22,,1644.22
2016,5,40200,,,,,,,936.69,,936.69,1633.6899,,1633.6899
2016,5,40250,,,,,,,926.15997,,926.15997,1623.16,,1623.16
2016,5,40300,,,,,,,915.63,,915.63,1612.63,,1612.63
2016,5,40350,,,,,,,905.09998,,905.09998,1602.1,,1602.1
2016,5,40400,,,,,,,894.57001,,894.57001,1591.5699,,1591.5699
2016,5,40450,,,,,,,884.03998,,884.03998,1581.04,,1581.04
2016,5,40500,,,,,,,873.51001,,873.51001,1570.51,,1570.51
2016,5,40550,,,,,,,862.97998,,862.97998,1559.98,,1559.98
2016,5,40600,,,,,,,852.45001,,852.45001,1549.45,,1549.45
2016,5,40650,,,,,,,841.91998,,841.91998,1538.92,,1538.92
2016,5,40700,,,,,,,831.39001,,831.39001,1528.39,,1528.39
2016,5,40750,,,,,,,820.85999,,820.85999,1517.86,,1517.86
2016,5,40800,,,,,,,810.33002,,810.33002,1507.33,,1507.33
2016,5,40850,,,,,,,799.79999,,799.79999,1496.8,,1496.8
2016,5,40900,,,,,,,789.27002,,789.27002,1486.27,,1486.27
2016,5,40950,,,,,,,778.73999,,778.73999,1475.74,,1475.74
2016,5,41000,,,,,,,768.21002,,768.21002,1465.21,,1465.21
2016,5,41050,,,,,,,757.67999,,757.67999,1454.6801,,1454.6801
2016,5,41100,,,,,,,747.15002,,747.15002,1444.15,,1444.15
2016,5,41150,,,,,,,736.62,,736.62,1433.62,,1433.62
2016,5,41200,,,,,,,726.09003,,726.09003,1423.09,,1423.09
2016,5,41250,,,,,,,715.56,,715.56,1412.5601,,1412.5601
2016,5,41300,,,,,,,705.03003,,705.03003,1402.03,,1402.03
2016,5,41350,,,,,,,694.5,,694.5,1391.5,,1391.5
2016,5,41400,,,,,,,683.96997,,683.96997,1380.97,,1380.97
2016,5,41450,,,,,,,673.44,,673.44,1370.4399,,1370.4399
2016,5,41500,,,,,,,662.90997,,662.90997,1359.91,,1359.91
2016,5,41550,,,,,,,652.38,,652.38,1349.38,,1349.38
2016,5,41600,,,,,,,641.84998,,641.84998,1338.85,,1338.85
2016,5,41650,,,,,,,631.32001,,631.32001,1328.3199,,1328.3199
2016,5,41700,,,,,,,620.78998,,620.78998,1317.79,,1317.79
2016,5,41750,,,,,,,610.26001,,610.26001,1307.26,,1307.26
2016,5,41800,,,,,,,599.72998,,599.72998,1296.73,,1296.73
2016,5,41850,,,,,,,589.20001,,589.20001,1286.2,,1286.2
2016,5,41900,,,,,,,578.66998,,578.66998,1275.67,,1275.67
2016,5,41950,,,,,,,568.14001,,568.14001,1265.14,,1265.14
2016,5,42000,,,,,,,557.60999,,557.60999,1254.61,,1254.61
2016,5,42050,,,,,,,547.08002,,547.08002,1244.08,,1244.08
2016,5,42100,,,,,,,536.54999,,536.54999,1233.55,,1233.55
2016,5,42150,,,,,,,526.02002,,526.02002,1223.02,,1223.02
2016,5,42200,,,,,,,515.48999,,515.48999,1212.49,,1212.49
2016,5,42250,,,,,,,504.95999,,504.95999,1201.96,,1201.96
2016,5,42300,,,,,,,494.42999,,494.42999,1191.4301,,1191.4301
2016,5,42350,,,,,,,483.89999,,483.89999,1180.9,,1180.9
2016,5,42400,,,,,,,473.37,,473.37,1170.37,,1170.37
2016,5,42450,,,,,,,462.84,,462.84,1159.84,,1159.84
2016,5,42500,,,,,,,452.31,,452.31,1149.3101,,1149.3101
2016,5,42550,,,,,,,441.78,,441.78,1138.78,,1138.78
2016,5,42600,,,,,,,431.25,,431.25,1128.25,,1128.25
2016,5,42650,,,,,,,420.72,,420.72,1117.72,,1117.72
2016,5,42700,,,,,,,410.19,,410.19,1107.1899,,1107.1899
2016,5,42750,,,,,,,399.66,,399.66,1096.66,,1096.66
2016,5,42800,,,,,,,389.13,,389.13,1086.13,,1086.13
2016,5,42850,,,,,,,378.60001,,378.60001,1075.6,,1075.6
2016,5,42900,,,,,,,368.07001,,368.07001,1065.0699,,1065.0699
2016,5,42950,,,,,,,357.54001,,357.54001,1054.54,,1054.54
2016,5,43000,,,,,,,347.01001,,347.01001,1044.01,,1044.01
2016,5,43050,,,,,,,336.48001,,336.48001,1033.48,,1033.48
2016,5,43100,,,,,,,325.95001,,325.95001,1022.95,,1022.95
2016,5,43150,,,,,,,315.42001,,315.42001,1012.42,,1012.42
2016,5,43200,,,,,,,304.89001,,304.89001,1001.89,,1001.89
2016,5,43250,,,,,,,294.35999,,294.35999,991.35999,,991.35999
2016,5,43300,,,,,,,283.82999,,283.82999,980.83002,,980.83002
2016,5,43350,,,,,,,273.29999,,273.29999,970.29999,,970.29999
2016,5,43400,,,,,,,262.76999,,262.76999,959.77002,,959.77002
2016,5,43450,,,,,,,252.24001,,252.24001,949.23999,,949.23999
2016,5,43500,,,,,,,241.71001,,241.71001,938.71002,,938.71002
2016,5,43550,,,,,,,231.17999,,231.17999,928.17999,,928.17999
2016,5,43600,,,,,,,220.64999,,220.64999,917.65002,,917.65002
2016,5,43650,,,,,,,210.12,,210.12,907.12,,907.12
2016,5,43700,,,,,,,199.59,,199.59,896.59003,,896.59003
2016,5,43750,,,,,,,189.06,,189.06,886.06,,886.06
2016,5,43800,,,,,,,178.53,,178.53,875.53003,,875.53003
2016,5,43850,,,,,,,168,,168,865,,865
2016,5,43900,,,,,,,157.47,,157.47,854.46997,,854.46997
2016,5,43950,,,,,,,146.94,,146.94,843.94,,843.94
2016,5,44000,,,,,,,136.41,,136.41,833.40997,,833.40997
2016,5,44050,,,,,,,125.88,,125.88,822.88,,822.88
2016,5,44100,,,,,,,115.35,,115.35,812.34998,,812.34998
2016,5,44150,,,,,,,104.82,,104.82,801.82001,,801.82001
2016,5,44200,,,,,,,94.290001,,94.290001,791.28998,,791.28998
2016,5,44250,,,,,,,83.760002,,83.760002,780.76001,,780.76001
2016,5,44300,,,,,,,73.230003,,73.230003,770.22998,,770.22998
2016,5,44350,,,,,,,62.700001,,62.700001,759.70001,,759.70001
2016,5,44400,,,,,,,52.169998,,52.169998,749.16998,,749.16998
2016,5,44450,,,,,,,41.639999,,41.639999,738.64001,,738.64001
2016,5,44500,,,,,,,31.110001,,31.110001,728.10999,,728.10999
2016,5,44550,,,,,,,20.58,,20.58,717.58002,,717.58002
2016,5,44600,,,,,,,10.05,,10.05,707.04999,,707.04999
2016,5,44650,,,,,,,,,,696.52002,,696.52002
2016,5,44700,,,,,,,,,,685.98999,,685.98999
2016,5,44750,,,,,,,,,,675.46002,,675.46002
2016,5,44800,,,,,,,,,,664.92999,,664.92999
2016,5,44850,,,,,,,,,,654.40002,,654.40002
2016,5,44900,,,,,,,,,,643.87,,643.87
2016,5,44950,,,,,,,,,,633.34003,,633.34003
2016,5,45000,,,,,,,,,,622.81,,622.81
2016,5,45050,,,,,,,,,,612.28003,,612.28003
2016,5,45100,,,,,,,,,,601.75,,601.75
2016,5,45150,,,,,,,,,,591.21997,,591.21997
2016,5,45200,,,,,,,,,,580.69,,580.69
2016,5,45250,,,,,,,,,,570.15997,,570.15997
2016,5,45300,,,,,,,,,,559.63,,559.63
2016,5,45350,,,,,,,,,,549.09998,,549.09998
2016,5,45400,,,,,,,,,,538.57001,,538.57001
2016,5,45450,,,,,,,,,,528.03998,,528.03998
2016,5,45500,,,,,,,,,,517.51001,,517.51001
2016,5,45550,,,,,,,,,,506.98001,,506.98001
2016,5,45600,,,,,,,,,,496.45001,,496.45001
2016,5,45650,,,,,,,,,,485.92001,,485.92001
2016,5,45700,,,,,,,,,,475.39001,,475.39001
2016,5,45750,,,,,,,,,,464.85999,,464.85999
2016,5,45800,,,,,,,,,,454.32999,,454.32999
2016,5,45850,,,,,,,,,,443.79999,,443.79999
2016,5,45900,,,,,,,,,,433.26999,,433.26999
2016,5,45950,,,,,,,,,,422.73999,,422.73999
2016,5,46000,,,,,,,,,,412.20999,,412.20999
2016,5,46050,,,,,,,,,,401.67999,,401.67999
2016,5,46100,,,,,,,,,,391.14999,,391.14999
2016,5,46150,,,,,,,,,,380.62,,380.62
2016,5,46200,,,,,,,,,,370.09,,370.09
2016,5,46250,,,,,,,,,,359.56,,359.56
2016,5,46300,,,,,,,,,,349.03,,349.03
2016,5,46350,,,,,,,,,,338.5,,338.5
2016,5,46400,,,,,,,,,,327.97,,327.97
2016,5,46450,,,,,,,,,,317.44,,317.44
2016,5,46500,,,,,,,,,,306.91,,306.91
2016,5,46550,,,,,,,,,,296.38,,296.38
2016,5,46600,,,,,,,,,,285.85001,,285.85001
2016,5,46650,,,,,,,,,,275.32001,,275.32001
2016,5,46700,,,,,,,,,,264.79001,,264.79001
2016,5,46750,,,,,,,,,,254.25999,,254.25999
2016,5,46800,,,,,,,,,,243.73,,243.73
2016,5,46850,,,,,,,,,,233.2,,233.2
2016,5,46900,,,,,,,,,,222.67,,222.67
2016,5,46950,,,,,,,,,,212.14,,212.14
2016,5,47000,,,,,,,,,,201.61,,201.61
2016,5,47050,,,,,,,,,,191.08,,191.08
2016,5,47100,,,,,,,,,,180.55,,180.55
2016,5,47150,,,,,,,,,,170.02,,170.02
2016,5,47200,,,,,,,,,,159.49001,,159.49001
2016,5,47250,,,,,,,,,,148.96001,,148.96001
2016,5,47300,,,,,,,,,,138.42999,,138.42999
2016,5,47350,,,,,,,,,,127.9,,127.9
2016,5,47400,,,,,,,,,,117.37,,117.37
2016,5,47450,,,,,,,,,,106.84,,106.84
2016,5,47500,,,,,,,,,,96.309998,,96.309998
2016,5,47550,,,,,,,,,,85.779999,,85.779999
2016,5,47600,,,,,,,,,,75.25,,75.25
2016,5,47650,,,,,,,,,,64.720001,,64.720001
2016,5,47700,,,,,,,,,,54.189999,,54.189999
2016,5,47750,,,,,,,,,,43.66,,43.66
2016,5,47800,,,,,,,,,,33.130001,,33.130001
2016,5,47850,,,,,,,,,,22.6,,22.6
2016,5,47900,,,,,,,,,,12.07,,12.07
2016,5,47950,,,,,,,,,,1.54,,1.54
2016,5,48000,,,,,,,,,,,,
2016,5,48050,,,,,,,,,,,,
2016,5,48100,,,,,,,,,,,,
2016,5,48150,,,,,,,,,,,,
2016,5,48200,,,,,,,,,,,,
2016,5,48250,,,,,,,,,,,,
2016,5,48300,,,,,,,,,,,,
2016,5,48350,,,,,,,,,,,,
2016,5,48400,,,,,,,,,,,,
2016,5,48450,,,,,,,,,,,,
2016,5,48500,,,,,,,,,,,,
2016,5,48550,,,,,,,,,,,,
2016,5,48600,,,,,,,,,,,,
2016,5,48650,,,,,,,,,,,,
2016,5,48700,,,,,,,,,,,,
2016,5,48750,,,,,,,,,,,,
2016,5,48800,,,,,,,,,,,,
2016,5,48850,,,,,,,,,,,,
2016,5,48900,,,,,,,,,,,,
2016,5,48950,,,,,,,,,,,,
2016,5,49000,,,,,,,,,,,,
2016,5,49050,,,,,,,,,,,,
2016,5,49100,,,,,,,,,,,,
2016,5,49150,,,,,,,,,,,,
2016,5,49200,,,,,,,,,,,,
2016,5,49250,,,,,,,,,,,,
2016,5,49300,,,,,,,,,,,,
2016,5,49350,,,,,,,,,,,,
2016,5,49400,,,,,,,,,,,,
2016,5,49450,,,,,,,,,,,,
2016,5,49500,,,,,,,,,,,,
2016,5,49550,,,,,,,,,,,,
2016,5,49600,,,,,,,,,,,,
2016,5,49650,,,,,,,,,,,,
2016,5,49700,,,,,,,,,,,,
2016,5,49750,,,,,,,,,,,,
2016,5,49800,,,,,,,,,,,,
2016,5,49850,,,,,,,,,,,,
2016,5,49900,,,,,,,,,,,,
2016,5,49950,,,,,,,,,,,,
2016,5,50000,,,,,,,,,,,,
