"outcome","spec","relative_time","year","estimate","se","ci_lower","ci_upper","att","B","seed"
"part_time_y","basic_cov",-5,2010,-0.476531288444541,0.355507167739434,-1.17331253345967,0.22024995657059,2.52653424367832,500,56613
"part_time_y","basic_cov",-4,2011,0.471020479647384,0.342228972763289,-0.199735981434801,1.14177694072957,2.52653424367832,500,56613
"part_time_y","basic_cov",-3,2012,0.240279865524953,0.360264563592614,-0.46582570402261,0.946385435072517,2.52653424367832,500,56613
"part_time_y","basic_cov",-2,2013,-0.189988664375369,0.291725832586651,-0.761760789605165,0.381783460854428,2.52653424367832,500,56613
"part_time_y","basic_cov",-1,2014,-0.269170167752928,0.31295384497921,-0.88254843273551,0.344208097229654,2.52653424367832,500,56613
"part_time_y","basic_cov",0,2015,3.54692394838914,1.35519622787668,0.890788149766314,6.20305974701197,2.52653424367832,500,56613
"part_time_y","basic_cov",1,2016,1.9662997048648,1.82303573799116,-1.60678468412728,5.53938409385688,2.52653424367832,500,56613
"part_time_y","basic_cov",2,2017,2.06637907778102,1.92708968982796,-1.71064730926024,5.84340546482228,2.52653424367832,500,56613
"part_time_y","triple",-5,2010,-0.454997602243748,0.320384391315714,-1.08293947043133,0.172944265943838,3.49477278146395,500,56614
"part_time_y","triple",-4,2011,0.258460972282749,0.448883542858093,-0.621334604971854,1.13825654953735,3.49477278146395,500,56614
"part_time_y","triple",-3,2012,0.0524273129970503,0.38672146955838,-0.705532839385778,0.810387465379879,3.49477278146395,500,56614
"part_time_y","triple",-2,2013,0.35242700052237,0.372160931051508,-0.376995020791479,1.08184902183622,3.49477278146395,500,56614
"part_time_y","triple",-1,2014,0.033475437198466,0.340931289388328,-0.634737611205459,0.701688485602391,3.49477278146395,500,56614
"part_time_y","triple",0,2015,3.91891433734648,1.49560019474576,0.987591820373691,6.85023685431926,3.49477278146395,500,56614
"part_time_y","triple",1,2016,4.42410143604858,1.39506037139771,1.68983335184999,7.15836952024716,3.49477278146395,500,56614
"part_time_y","triple",2,2017,2.14130257099679,1.47109762399878,-0.741995789783268,5.02460093177684,3.49477278146395,500,56614
"part_time_y","triple_cov",-5,2010,-0.383836145874999,0.344011064512718,-1.05808544260321,0.290413150853214,3.77329850684006,500,56615
"part_time_y","triple_cov",-4,2011,0.313039400940277,0.43492368468472,-0.539395357065228,1.16547415894578,3.77329850684006,500,56615
"part_time_y","triple_cov",-3,2012,0.0422381471623985,0.394237699748298,-0.73045354569218,0.814929840016977,3.77329850684006,500,56615
"part_time_y","triple_cov",-2,2013,0.252663884193201,0.361782746779421,-0.456417269722438,0.961745038108841,3.77329850684006,500,56615
"part_time_y","triple_cov",-1,2014,-0.0140138330100852,0.383890225527493,-0.766424849060931,0.738397183040761,3.77329850684006,500,56615
"part_time_y","triple_cov",0,2015,3.83647367307691,1.81938070666496,0.270553013846559,7.40239433230727,3.77329850684006,500,56615
"part_time_y","triple_cov",1,2016,4.80928925398252,2.49711760360965,-0.0849713142533615,9.70354982221841,3.77329850684006,500,56615
"part_time_y","triple_cov",2,2017,2.67413259346075,2.73739197420632,-2.69105708755264,8.03932227447414,3.77329850684006,500,56615
"employed_y","basic",-5,2010,-0.394516842749088,0.312817785223438,-1.00762843551061,0.218594750012435,2.35292289794929,500,56604
"employed_y","basic",-4,2011,0.445053517067912,0.352228058423018,-0.245300791785674,1.1354078259215,2.35292289794929,500,56604
"employed_y","basic",-3,2012,0.13379115226242,0.348887509466834,-0.550015800948451,0.817598105473292,2.35292289794929,500,56604
"employed_y","basic",-2,2013,-0.0256082389078158,0.288039335908739,-0.590154963419779,0.538938485604148,2.35292289794929,500,56604
"employed_y","basic",-1,2014,0.352234313383317,0.351987767455049,-0.337649033827238,1.04211766059387,2.35292289794929,500,56604
"employed_y","basic",0,2015,2.04090302441441,1.11022266373046,-0.135093411317411,4.21689946014622,2.35292289794929,500,56604
"employed_y","basic",1,2016,1.65345549592463,1.01171322659378,-0.329465990881984,3.63637698273124,2.35292289794929,500,56604
"employed_y","basic",2,2017,3.36441017350883,1.3197277685166,0.777791277818887,5.95102906919877,2.35292289794929,500,56604
"employed_y","basic_cov",-5,2010,-0.0884200628069465,0.322035124771847,-0.719597309116629,0.542757183502736,-0.998028221825342,500,56605
"employed_y","basic_cov",-4,2011,0.552497341995303,0.351463273567829,-0.136358016086191,1.2413527000768,-0.998028221825342,500,56605
"employed_y","basic_cov",-3,2012,0.110430817753272,0.365231134521071,-0.60540905194073,0.826270687447273,-0.998028221825342,500,56605
"employed_y","basic_cov",-2,2013,-0.28304429951393,0.306526050871247,-0.883824319544867,0.317735720517006,-0.998028221825342,500,56605
"employed_y","basic_cov",-1,2014,-0.159666169226271,0.367457232690588,-0.879869111158578,0.560536772706035,-0.998028221825342,500,56605
"employed_y","basic_cov",0,2015,-0.425055828974448,1.35146038171713,-3.07386950367277,2.22375784572388,-0.998028221825342,500,56605
"employed_y","basic_cov",1,2016,-1.98558614805801,1.64803930275312,-5.21568382656062,1.2445115304446,-0.998028221825342,500,56605
"employed_y","basic_cov",2,2017,-0.583442688443571,1.93719609479497,-4.38027726523335,3.21339188834621,-0.998028221825342,500,56605
"employed_y","triple",-5,2010,-0.490623339155444,0.322612000851159,-1.12293124180412,0.141684563493232,0.988954898758919,500,56606
"employed_y","triple",-4,2011,0.421688217560128,0.378292471788218,-0.319751402767413,1.16312783788767,0.988954898758919,500,56606
"employed_y","triple",-3,2012,0.0221329088846067,0.374170693288242,-0.711228174030729,0.755493991799943,0.988954898758919,500,56606
"employed_y","triple",-2,2013,0.384629271263212,0.406778191111239,-0.412641333011167,1.18189987553759,0.988954898758919,500,56606
"employed_y","triple",-1,2014,-0.0405498588620132,0.389133863315748,-0.803238216125811,0.722138498401785,0.988954898758919,500,56606
"employed_y","triple",0,2015,0.788158920863075,1.31918197105796,-1.79739023146509,3.37370807319124,0.988954898758919,500,56606
"employed_y","triple",1,2016,0.808548695258119,1.38508200052093,-1.90616214139759,3.52325953191383,0.988954898758919,500,56606
"employed_y","triple",2,2017,1.37015708015556,1.62462495623905,-1.81404932245795,4.55436348276907,0.988954898758919,500,56606
"employed_y","triple_cov",-5,2010,-0.42093343784462,0.358134230878918,-1.12286363199825,0.280996756309012,-1.36965244119099,500,56607
"employed_y","triple_cov",-4,2011,0.482402925009467,0.407521191631423,-0.316323933524968,1.2811297835439,-1.36965244119099,500,56607
"employed_y","triple_cov",-3,2012,0.0699105177508774,0.370314966167533,-0.655893478873656,0.795714514375411,-1.36965244119099,500,56607
"employed_y","triple_cov",-2,2013,0.39186136348919,0.40964434598675,-0.411026801115304,1.19474952809368,-1.36965244119099,500,56607
"employed_y","triple_cov",-1,2014,-0.278014422175265,0.398374467701749,-1.05881403123101,0.502785186880477,-1.36965244119099,500,56607
"employed_y","triple_cov",0,2015,-0.516629647851552,1.71315966058253,-3.87436088236018,2.84110158665707,-1.36965244119099,500,56607
"employed_y","triple_cov",1,2016,-1.87266954199413,2.16802962240517,-6.12192951932423,2.37659043533598,-1.36965244119099,500,56607
"employed_y","triple_cov",2,2017,-1.71965813372729,2.51465648662279,-6.64829428099799,3.20897801354341,-1.36965244119099,500,56607
"full_time_y","basic",-5,2010,-0.0797849917651258,0.426582251819188,-0.91587084177473,0.756300858244478,-1.14600656022435,500,56608
"full_time_y","basic",-4,2011,-0.0972736094974617,0.321782877145129,-0.727956459543592,0.533409240548668,-1.14600656022435,500,56608
"full_time_y","basic",-3,2012,-0.149467950872833,0.293278264614952,-0.724282786966546,0.42534688522088,-1.14600656022435,500,56608
"full_time_y","basic",-2,2013,-0.120063446460005,0.294744516888889,-0.697752084202885,0.457625191282876,-1.14600656022435,500,56608
"full_time_y","basic",-1,2014,0.274544235048585,0.350889691141,-0.413186922134158,0.962275392231328,-1.14600656022435,500,56608
"full_time_y","basic",0,2015,-2.36683459792892,1.16324620587539,-4.64675526659754,-0.0869139292602967,-1.14600656022435,500,56608
"full_time_y","basic",1,2016,-1.47895367016909,1.22863969319103,-3.88704321879986,0.929135878461675,-1.14600656022435,500,56608
"full_time_y","basic",2,2017,0.407768587424957,1.49353694948037,-2.51951004313638,3.33504721798629,-1.14600656022435,500,56608
"full_time_y","basic_cov",-5,2010,0.238093387180401,0.425568532852341,-0.596005610163737,1.07219238452454,-3.66802269057569,500,56609
"full_time_y","basic_cov",-4,2011,0.156312594182923,0.377223531989077,-0.58303194263666,0.895657131002507,-3.66802269057569,500,56609
"full_time_y","basic_cov",-3,2012,-0.0832839893258372,0.324562246313917,-0.719414302842531,0.552846324190857,-3.66802269057569,500,56609
"full_time_y","basic_cov",-2,2013,-0.282692511742739,0.334047830339032,-0.937414228320989,0.372029204835511,-3.66802269057569,500,56609
"full_time_y","basic_cov",-1,2014,-0.108076516055658,0.345010460428457,-0.784284592785015,0.5681315606737,-3.66802269057569,500,56609
"full_time_y","basic_cov",0,2015,-4.17226309645193,1.40288744752975,-6.92187196797357,-1.42265422493029,-3.66802269057569,500,56609
"full_time_y","basic_cov",1,2016,-4.26262429774565,1.73020742600482,-7.65376853849884,-0.871480056992447,-3.66802269057569,500,56609
"full_time_y","basic_cov",2,2017,-2.5691806775295,1.92288864460018,-6.33797316722689,1.19961181216789,-3.66802269057569,500,56609
"full_time_y","triple",-5,2010,-0.0182264918811961,0.405777775448952,-0.813536317487924,0.777083333725532,-2.56344989426188,500,56610
"full_time_y","triple",-4,2011,0.173177356805976,0.48785267624277,-0.782996318391333,1.12935103200328,-2.56344989426188,500,56610
"full_time_y","triple",-3,2012,-0.0311915135025806,0.395576282673906,-0.806506780681671,0.74412375367651,-2.56344989426188,500,56610
"full_time_y","triple",-2,2013,-0.0683062526325555,0.484849605554321,-1.01859401743748,0.881981512172366,-2.56344989426188,500,56610
"full_time_y","triple",-1,2014,-0.08441806352945,0.499498818692825,-1.06341775848769,0.894581631428789,-2.56344989426188,500,56610
"full_time_y","triple",0,2015,-3.08165429383644,1.75966976731549,-6.53054366245878,0.367235074785897,-2.56344989426188,500,56610
"full_time_y","triple",1,2016,-3.70733257312786,1.87099199383254,-7.37440949640242,-0.0402556498532962,-2.56344989426188,500,56610
"full_time_y","triple",2,2017,-0.901362815821341,1.786808868538,-4.40344384541258,2.6007182137699,-2.56344989426188,500,56610
"full_time_y","triple_cov",-5,2010,-0.0141066992783858,0.434614519330911,-0.865935504325158,0.837722105768386,-5.02129650114607,500,56611
"full_time_y","triple_cov",-4,2011,0.200649095589598,0.487210195559258,-0.754265340607263,1.15556353178646,-5.02129650114607,500,56611
"full_time_y","triple_cov",-3,2012,0.0371762415685739,0.377267546881114,-0.702254562854186,0.776607045991334,-5.02129650114607,500,56611
"full_time_y","triple_cov",-2,2013,0.0190406066597606,0.491846696053397,-0.944961203519915,0.983042416839436,-5.02129650114607,500,56611
"full_time_y","triple_cov",-1,2014,-0.255302450410374,0.507791217586184,-1.25055494854504,0.739950047724287,-5.02129650114607,500,56611
"full_time_y","triple_cov",0,2015,-4.16522512772809,2.03672224967362,-8.15712738359977,-0.17332287185641,-5.02129650114607,500,56611
"full_time_y","triple_cov",1,2016,-6.62132057944044,2.74549860373805,-12.002398962372,-1.24024219650886,-5.02129650114607,500,56611
"full_time_y","triple_cov",2,2017,-4.27734379626967,2.74582173825535,-9.65905551121732,1.10436791867799,-5.02129650114607,500,56611
"part_time_y","basic",-5,2010,-0.527918917099061,0.324296118403431,-1.16352762949592,0.107689795297801,3.08377832115688,500,56612
"part_time_y","basic",-4,2011,0.415975584270923,0.321312890911854,-0.213786109684758,1.0457372782266,3.08377832115688,500,56612
"part_time_y","basic",-3,2012,0.232732423934408,0.357491506322955,-0.467938053237556,0.933402901106372,3.08377832115688,500,56612
"part_time_y","basic",-2,2013,-0.155113101349612,0.290821983419916,-0.725113714765151,0.414887512065927,3.08377832115688,500,56612
"part_time_y","basic",-1,2014,-0.180219022381217,0.275850738411717,-0.720876534776963,0.360438490014529,3.08377832115688,500,56612
"part_time_y","basic",0,2015,3.96406205691609,1.02197375337494,1.96103030715599,5.96709380667618,3.08377832115688,500,56612
"part_time_y","basic",1,2016,2.6045386751433,1.10542068153632,0.437953951566383,4.77112339872021,3.08377832115688,500,56612
"part_time_y","basic",2,2017,2.68273423141126,1.16834956038349,0.392811171706412,4.97265729111611,3.08377832115688,500,56612
