design,adults,outcome,yr,b,se,lo,hi
placebo,1,full_time_y,2012,.7827457142131184,.83571929,-.85526407,2.4207554
placebo,1,full_time_y,2013,.9425286753648947,1.0160261,-1.0488826,2.9339399
placebo,1,full_time_y,2014,0,0,0,0
placebo,1,full_time_y,2015,-.7966028309463138,1.3596132,-3.4614446,1.868239
placebo,1,full_time_y,2016,-1.377166732701698,2.1572928,-5.6054606,2.8511271
placebo,1,full_time_y,2017,.5103790982014551,1.9595183,-3.3302767,4.3510351
placebo,2,full_time_y,2012,2.867158640318921,1.4484255,.02824463,5.7060728
placebo,2,full_time_y,2013,1.758726617812864,1.3453925,-.87824261,4.3956957
placebo,2,full_time_y,2014,0,0,0,0
placebo,2,full_time_y,2015,-1.77854934018066,1.7096723,-5.1295071,1.5724083
placebo,2,full_time_y,2016,-3.258538795065609,1.588243,-6.3714952,-.14558245
placebo,2,full_time_y,2017,-3.22327929052553,2.0280151,-7.1981888,.75163043
placebo,3,full_time_y,2012,-5.059531704119222,3.1746776,-11.281899,1.1628364
placebo,3,full_time_y,2013,-8.856529097132105,2.9419246,-14.622702,-3.0903571
placebo,3,full_time_y,2014,0,0,0,0
placebo,3,full_time_y,2015,-5.387565615849288,2.6486819,-10.578982,-.19614907
placebo,3,full_time_y,2016,-9.441203733621828,3.6067445,-16.510424,-2.3719845
placebo,3,full_time_y,2017,-10.05686035286941,4.5370488,-18.949476,-1.164245
placebo,all,full_time_y,2012,-.4345018345976983,.79904759,-2.0006351,1.1316314
placebo,all,full_time_y,2013,-.4906956119268789,.91443419,-2.2829866,1.3015954
placebo,all,full_time_y,2014,0,0,0,0
placebo,all,full_time_y,2015,-1.376060486943417,1.0288708,-3.3926473,.64052635
placebo,all,full_time_y,2016,-3.371057076913071,1.6033134,-6.5135512,-.22856277
placebo,all,full_time_y,2017,-2.938719638361398,1.6702448,-6.2123995,.33496022
placebo,1,part_time_y,2012,-.9104321114710844,.8782841,-2.6318688,.8110047
placebo,1,part_time_y,2013,-1.691310386024005,1.0224129,-3.6952395,.31261888
placebo,1,part_time_y,2014,0,0,0,0
placebo,1,part_time_y,2015,-1.966524623236495,1.233898,-4.3849649,.45191547
placebo,1,part_time_y,2016,-2.878124267048159,1.8436421,-6.491663,.73541427
placebo,1,part_time_y,2017,-3.118440127797448,1.8089007,-6.6638856,.42700523
placebo,2,part_time_y,2012,-2.745307949306798,1.2643669,-5.2234669,-.26714894
placebo,2,part_time_y,2013,-3.931817267596158,1.2570436,-6.3956227,-1.4680117
placebo,2,part_time_y,2014,0,0,0,0
placebo,2,part_time_y,2015,-1.168211236348542,1.2847993,-3.6864181,1.3499955
placebo,2,part_time_y,2016,1.561635643852302,1.495275,-1.3691036,4.4923749
placebo,2,part_time_y,2017,-.1171559754054691,1.280503,-2.6269419,2.3926299
placebo,3,part_time_y,2012,6.524123465119455,2.7830765,1.0692936,11.978953
placebo,3,part_time_y,2013,4.691783834914773,2.6459012,-.49418262,9.8777504
placebo,3,part_time_y,2014,0,0,0,0
placebo,3,part_time_y,2015,8.002346250579679,2.0538163,3.9768665,12.027826
placebo,3,part_time_y,2016,5.104176082650445,2.590874,.026062898,10.182289
placebo,3,part_time_y,2017,7.367655024663438,3.6462531,.22099915,14.514311
placebo,all,part_time_y,2012,-.1312904562705092,.7614677,-1.6237671,1.3611861
placebo,all,part_time_y,2013,-1.317722101420066,.89255983,-3.0671394,.4316951
placebo,all,part_time_y,2014,0,0,0,0
placebo,all,part_time_y,2015,-.0085164456681039,.83678091,-1.648607,1.6315742
placebo,all,part_time_y,2016,.1438060648403889,1.1355759,-2.0819228,2.369535
placebo,all,part_time_y,2017,.226385753621422,1.2943432,-2.3105268,2.7632985
quad,1,full_time_y,2012,1.54652071220555,1.4412105,-1.2782519,4.3712931
quad,1,full_time_y,2013,2.026457666077455,1.4611278,-.83735269,4.8902678
quad,1,full_time_y,2014,0,0,0,0
quad,1,full_time_y,2015,-2.498101670983001,1.6117687,-5.6571684,.66096491
quad,1,full_time_y,2016,-2.55774079151001,2.0061331,-6.4897618,1.3742802
quad,1,full_time_y,2017,-.9474307661589934,2.0856071,-5.0352206,3.1403592
quad,2,full_time_y,2012,-5.895358926734637,2.0177441,-9.8501377,-1.9405804
quad,2,full_time_y,2013,-3.294346742255434,1.733825,-6.6926436,.10395022
quad,2,full_time_y,2014,0,0,0,0
quad,2,full_time_y,2015,.0494394364881481,2.3534417,-4.5633063,4.6621852
quad,2,full_time_y,2016,.3172556580640285,1.6141169,-2.8464136,3.4809248
quad,2,full_time_y,2017,5.981067326405374,1.6180584,2.8096728,9.152462
quad,3,full_time_y,2012,5.834412638882107,3.1843534,-.40691975,12.075745
quad,3,full_time_y,2013,5.679030639487668,3.7726038,-1.7152728,13.073334
quad,3,full_time_y,2014,0,0,0,0
quad,3,full_time_y,2015,1.440548132753627,3.2918172,-5.0114136,7.8925099
quad,3,full_time_y,2016,3.628517509206955,3.7720761,-3.7647517,11.021787
quad,3,full_time_y,2017,7.409767342123384,3.9738131,-.37890601,15.198441
quad,all,full_time_y,2012,.1340518589867731,.97201067,-1.7710891,2.0391927
quad,all,full_time_y,2013,-.3414979046357897,1.0071926,-2.3155954,1.6325997
quad,all,full_time_y,2014,0,0,0,0
quad,all,full_time_y,2015,-1.799885118817216,1.1972965,-4.1465864,.54681605
quad,all,full_time_y,2016,-.9112251894078304,1.2711172,-3.4026148,1.5801644
quad,all,full_time_y,2017,1.887969644590697,1.1230733,-.31325421,4.0891933
quad,1,part_time_y,2012,1.990576872455745,1.2957039,-.54900271,4.5301566
quad,1,part_time_y,2013,2.733637965593608,1.3434626,.10045119,5.3668246
quad,1,part_time_y,2014,0,0,0,0
quad,1,part_time_y,2015,6.278999282634627,1.2211227,3.8855989,8.6723995
quad,1,part_time_y,2016,6.921555508263024,1.6578212,3.672226,10.170885
quad,1,part_time_y,2017,4.6575395390225,1.3980571,1.9173477,7.3977313
quad,2,part_time_y,2012,4.598118681472122,1.4275197,1.8001802,7.3960571
quad,2,part_time_y,2013,5.296035836313847,1.6361485,2.089185,8.5028868
quad,2,part_time_y,2014,0,0,0,0
quad,2,part_time_y,2015,3.753040902873169,1.5200959,.77365279,6.732429
quad,2,part_time_y,2016,-.078413546868992,1.5224756,-3.0624659,2.9056387
quad,2,part_time_y,2017,-2.621675365112419,1.4169073,-5.3988137,.15546292
quad,3,part_time_y,2012,-5.765183897574775,2.8560972,-11.363134,-.16723333
quad,3,part_time_y,2013,-2.676934154460167,2.9876676,-8.5327625,3.178894
quad,3,part_time_y,2014,0,0,0,0
quad,3,part_time_y,2015,-3.520900708684869,2.0298867,-7.4994788,.45767725
quad,3,part_time_y,2016,2.065068393073985,2.5571752,-2.946995,7.0771317
quad,3,part_time_y,2017,-2.45744303227078,3.5900576,-9.4939556,4.5790701
quad,all,part_time_y,2012,.9966975077538068,.8792783,-.72668791,2.720083
quad,all,part_time_y,2013,2.785864185723508,1.0686539,.69130254,4.8804259
quad,all,part_time_y,2014,0,0,0,0
quad,all,part_time_y,2015,3.690367120871046,.85514331,2.0142863,5.3664479
quad,all,part_time_y,2016,3.698736341291644,1.0423095,1.6558096,5.741663
quad,all,part_time_y,2017,1.740074945919172,1.0138841,-.24713784,3.7272878
triple,1,full_time_y,2012,.4970536127589696,1.7042024,-2.843183,3.8372903
triple,1,full_time_y,2013,1.564785589610422,1.2136855,-.81403804,3.9436092
triple,1,full_time_y,2014,0,0,0,0
triple,1,full_time_y,2015,-1.306695393900908,1.4958842,-4.2386284,1.6252375
triple,1,full_time_y,2016,.4314001172157396,1.9118316,-3.3157899,4.1785898
triple,1,full_time_y,2017,3.746109199117583,2.0984972,-.366945,7.8591633
triple,2,full_time_y,2012,-1.818118417397488,.99816048,-3.774513,.13827617
triple,2,full_time_y,2013,-1.381155199912225,.8938393,-3.1330802,.37076977
triple,2,full_time_y,2014,0,0,0,0
triple,2,full_time_y,2015,-2.270883831545715,1.5490264,-5.3069754,.76520789
triple,2,full_time_y,2016,-4.394105302718311,1.8550079,-8.0299206,-.75828987
triple,2,full_time_y,2017,.011762172838959,2.2297623,-4.358572,4.3820963
triple,3,full_time_y,2012,4.549794547889642,2.0444443,.54268354,8.5569057
triple,3,full_time_y,2013,-.1291660023990266,1.7191404,-3.4986811,3.2403491
triple,3,full_time_y,2014,0,0,0,0
triple,3,full_time_y,2015,-5.016388359984982,1.2073736,-7.3828406,-2.6499362
triple,3,full_time_y,2016,-8.749133132103049,1.4018874,-11.496833,-6.0014338
triple,3,full_time_y,2017,-7.568449471958416,.94429064,-9.4192591,-5.7176399
triple,all,full_time_y,2012,.5904707927983261,.64455575,-.67285842,1.8538001
triple,all,full_time_y,2013,-.3394638535150932,.58211148,-1.4804024,.80147469
triple,all,full_time_y,2014,0,0,0,0
triple,all,full_time_y,2015,-3.42760853655591,.75002271,-4.8976531,-1.9575641
triple,all,full_time_y,2016,-5.064833700562122,.97868401,-6.9830542,-3.1466131
triple,all,full_time_y,2017,-2.894424278378574,.87486625,-4.6091623,-1.1796864
triple,1,part_time_y,2012,.7162332256500771,1.1508534,-1.5394396,2.9719059
triple,1,part_time_y,2013,.9663530498710566,1.226164,-1.4369283,3.3696344
triple,1,part_time_y,2014,0,0,0,0
triple,1,part_time_y,2015,3.814753460234558,1.1624614,1.5363292,6.0931778
triple,1,part_time_y,2016,3.43899468339157,1.4864149,.52562153,6.3523679
triple,1,part_time_y,2017,2.266739159601766,1.280128,-.24231181,4.7757902
triple,2,part_time_y,2012,.0853177161108884,.98520964,-1.8456932,2.0163286
triple,2,part_time_y,2013,.5467390072747603,.74835145,-.92002982,2.0135078
triple,2,part_time_y,2014,0,0,0,0
triple,2,part_time_y,2015,3.261345176860902,.80933619,1.6750463,4.8476439
triple,2,part_time_y,2016,3.616480998117696,1.5345305,.60880113,6.6241608
triple,2,part_time_y,2017,.4174770927763803,1.8828818,-3.2729712,4.1079254
triple,3,part_time_y,2012,-.7300682470918186,1.1701567,-3.0235755,1.563439
triple,3,part_time_y,2013,1.130597953902494,1.0729524,-.97238868,3.2335846
triple,3,part_time_y,2014,0,0,0,0
triple,3,part_time_y,2015,4.813631792659306,1.1657906,2.5286825,7.0985813
triple,3,part_time_y,2016,5.935318305156198,1.4902757,3.0143778,8.8562584
triple,3,part_time_y,2017,4.957420953418588,1.2433819,2.5203927,7.3944492
triple,all,part_time_y,2012,-.1327373095318539,.68511927,-1.475571,1.2100965
triple,all,part_time_y,2013,.791236850456237,.58177412,-.34904036,1.931514
triple,all,part_time_y,2014,0,0,0,0
triple,all,part_time_y,2015,3.922059001828778,.66811597,2.6125517,5.2315664
triple,all,part_time_y,2016,4.335800208185984,.82681835,2.7152362,5.9563642
triple,all,part_time_y,2017,3.498891639328959,.84830654,1.8362108,5.1615725
